/* auto-generated RGBA window icon — do not edit */
#define CC_ICON_W 64
#define CC_ICON_H 64
static const unsigned char cc_icon_rgba[16384] = {
  0xfe, 0xfd, 0xfe, 0xff, 0xfe, 0xfd, 0xfe, 0xff, 0xfe, 0xfe, 0xfe, 0xff,
  0xfe, 0xfe, 0xfe, 0xff, 0xff, 0xff, 0xff, 0xff, 0xff, 0xff, 0xff, 0xff,
  0xfc, 0xfb, 0xfc, 0xff, 0xcd, 0xd1, 0xd6, 0xff, 0x99, 0xa3, 0xad, 0xff,
  0x32, 0x47, 0x5d, 0xff, 0x00, 0x17, 0x34, 0xff, 0x01, 0x1b, 0x37, 0xff,
  0x01, 0x1a, 0x37, 0xff, 0x01, 0x1a, 0x37, 0xff, 0x01, 0x1a, 0x37, 0xff,
  0x01, 0x1a, 0x37, 0xff, 0x01, 0x1a, 0x37, 0xff, 0x01, 0x1a, 0x37, 0xff,
  0x01, 0x1a, 0x37, 0xff, 0x01, 0x1a, 0x37, 0xff, 0x01, 0x1a, 0x37, 0xff,
  0x01, 0x1a, 0x37, 0xff, 0x01, 0x1a, 0x37, 0xff, 0x01, 0x1a, 0x37, 0xff,
  0x01, 0x1a, 0x37, 0xff, 0x01, 0x1b, 0x38, 0xff, 0x01, 0x1a, 0x37, 0xff,
  0x01, 0x1a, 0x37, 0xff, 0x01, 0x1a, 0x37, 0xff, 0x01, 0x1a, 0x37, 0xff,
  0x00, 0x1a, 0x37, 0xff, 0x00, 0x1a, 0x37, 0xff, 0x01, 0x1a, 0x37, 0xff,
  0x01, 0x1a, 0x37, 0xff, 0x01, 0x1a, 0x37, 0xff, 0x01, 0x1a, 0x37, 0xff,
  0x00, 0x1a, 0x36, 0xff, 0x00, 0x19, 0x36, 0xff, 0x01, 0x1a, 0x37, 0xff,
  0x00, 0x1a, 0x37, 0xff, 0x01, 0x1a, 0x37, 0xff, 0x01, 0x1a, 0x37, 0xff,
  0x01, 0x1a, 0x37, 0xff, 0x01, 0x1a, 0x37, 0xff, 0x01, 0x1a, 0x37, 0xff,
  0x01, 0x1a, 0x38, 0xff, 0x01, 0x1a, 0x37, 0xff, 0x01, 0x1a, 0x37, 0xff,
  0x01, 0x1a, 0x37, 0xff, 0x01, 0x1a, 0x37, 0xff, 0x01, 0x1a, 0x37, 0xff,
  0x01, 0x1a, 0x37, 0xff, 0x00, 0x19, 0x37, 0xff, 0x00, 0x17, 0x34, 0xff,
  0x30, 0x46, 0x5a, 0xff, 0x98, 0xa2, 0xab, 0xff, 0xcc, 0xd0, 0xd6, 0xff,
  0xfc, 0xfc, 0xfc, 0xff, 0xff, 0xff, 0xff, 0xff, 0xff, 0xff, 0xff, 0xff,
  0xfe, 0xfe, 0xfe, 0xff, 0xfd, 0xfe, 0xfd, 0xff, 0xfd, 0xfe, 0xfd, 0xff,
  0xfe, 0xfe, 0xfe, 0xff, 0xfe, 0xfd, 0xfe, 0xff, 0xfe, 0xfe, 0xfe, 0xff,
  0xfe, 0xfd, 0xfe, 0xff, 0xff, 0xff, 0xff, 0xff, 0xfe, 0xfe, 0xfe, 0xff,
  0xa6, 0xae, 0xb8, 0xff, 0x38, 0x48, 0x5f, 0xff, 0x04, 0x1b, 0x37, 0xff,
  0x00, 0x11, 0x2f, 0xff, 0x00, 0x16, 0x34, 0xff, 0x01, 0x1a, 0x37, 0xff,
  0x01, 0x1a, 0x37, 0xff, 0x01, 0x1a, 0x37, 0xff, 0x01, 0x1a, 0x37, 0xff,
  0x01, 0x1a, 0x37, 0xff, 0x01, 0x19, 0x37, 0xff, 0x01, 0x1a, 0x37, 0xff,
  0x01, 0x1a, 0x37, 0xff, 0x01, 0x19, 0x37, 0xff, 0x01, 0x19, 0x37, 0xff,
  0x01, 0x1a, 0x37, 0xff, 0x01, 0x19, 0x37, 0xff, 0x01, 0x1a, 0x37, 0xff,
  0x01, 0x1a, 0x37, 0xff, 0x01, 0x19, 0x37, 0xff, 0x01, 0x19, 0x36, 0xff,
  0x01, 0x19, 0x37, 0xff, 0x01, 0x19, 0x37, 0xff, 0x01, 0x1a, 0x37, 0xff,
  0x01, 0x19, 0x37, 0xff, 0x01, 0x1a, 0x37, 0xff, 0x01, 0x19, 0x37, 0xff,
  0x01, 0x1a, 0x37, 0xff, 0x01, 0x1a, 0x37, 0xff, 0x01, 0x1a, 0x37, 0xff,
  0x01, 0x1a, 0x37, 0xff, 0x01, 0x19, 0x37, 0xff, 0x01, 0x19, 0x36, 0xff,
  0x01, 0x1a, 0x37, 0xff, 0x01, 0x1a, 0x37, 0xff, 0x01, 0x19, 0x36, 0xff,
  0x01, 0x19, 0x37, 0xff, 0x01, 0x1a, 0x37, 0xff, 0x01, 0x19, 0x37, 0xff,
  0x01, 0x19, 0x37, 0xff, 0x01, 0x1a, 0x37, 0xff, 0x01, 0x19, 0x37, 0xff,
  0x01, 0x1a, 0x37, 0xff, 0x01, 0x1a, 0x38, 0xff, 0x01, 0x19, 0x37, 0xff,
  0x01, 0x19, 0x37, 0xff, 0x01, 0x19, 0x37, 0xff, 0x01, 0x19, 0x37, 0xff,
  0x01, 0x1a, 0x37, 0xff, 0x00, 0x15, 0x33, 0xff, 0x00, 0x10, 0x2e, 0xff,
  0x04, 0x1a, 0x37, 0xff, 0x38, 0x48, 0x5f, 0xff, 0xa7, 0xae, 0xb8, 0xff,
  0xfe, 0xfe, 0xfe, 0xff, 0xff, 0xff, 0xff, 0xff, 0xfe, 0xfe, 0xfe, 0xff,
  0xfe, 0xfd, 0xfe, 0xff, 0xfe, 0xfe, 0xfe, 0xff, 0xfd, 0xfd, 0xfd, 0xff,
  0xfe, 0xfe, 0xfe, 0xff, 0xff, 0xff, 0xff, 0xff, 0xeb, 0xec, 0xef, 0xff,
  0x55, 0x63, 0x77, 0xff, 0x00, 0x12, 0x30, 0xff, 0x00, 0x13, 0x32, 0xff,
  0x00, 0x19, 0x37, 0xff, 0x01, 0x1a, 0x37, 0xff, 0x01, 0x1a, 0x38, 0xff,
  0x01, 0x1a, 0x38, 0xff, 0x01, 0x1b, 0x38, 0xff, 0x01, 0x1a, 0x38, 0xff,
  0x01, 0x1a, 0x38, 0xff, 0x01, 0x1a, 0x38, 0xff, 0x01, 0x1a, 0x37, 0xff,
  0x01, 0x1a, 0x38, 0xff, 0x01, 0x1a, 0x38, 0xff, 0x01, 0x1a, 0x38, 0xff,
  0x01, 0x1a, 0x37, 0xff, 0x01, 0x1a, 0x38, 0xff, 0x01, 0x1a, 0x38, 0xff,
  0x01, 0x1a, 0x38, 0xff, 0x01, 0x1a, 0x38, 0xff, 0x01, 0x19, 0x37, 0xff,
  0x01, 0x19, 0x37, 0xff, 0x01, 0x1a, 0x37, 0xff, 0x01, 0x1a, 0x38, 0xff,
  0x01, 0x1a, 0x38, 0xff, 0x01, 0x1a, 0x38, 0xff, 0x01, 0x1a, 0x38, 0xff,
  0x01, 0x1a, 0x38, 0xff, 0x01, 0x1a, 0x38, 0xff, 0x01, 0x1a, 0x38, 0xff,
  0x01, 0x1a, 0x38, 0xff, 0x01, 0x1a, 0x38, 0xff, 0x01, 0x1a, 0x38, 0xff,
  0x01, 0x1a, 0x38, 0xff, 0x01, 0x1a, 0x38, 0xff, 0x01, 0x1b, 0x38, 0xff,
  0x01, 0x1a, 0x38, 0xff, 0x01, 0x1a, 0x37, 0xff, 0x01, 0x1a, 0x37, 0xff,
  0x01, 0x1a, 0x37, 0xff, 0x01, 0x1a, 0x37, 0xff, 0x01, 0x1a, 0x37, 0xff,
  0x01, 0x1a, 0x38, 0xff, 0x01, 0x1a, 0x37, 0xff, 0x01, 0x1a, 0x38, 0xff,
  0x01, 0x1a, 0x38, 0xff, 0x01, 0x1a, 0x38, 0xff, 0x01, 0x1a, 0x38, 0xff,
  0x01, 0x1a, 0x38, 0xff, 0x01, 0x1a, 0x38, 0xff, 0x01, 0x1a, 0x37, 0xff,
  0x01, 0x1a, 0x37, 0xff, 0x00, 0x19, 0x37, 0xff, 0x00, 0x13, 0x31, 0xff,
  0x00, 0x12, 0x30, 0xff, 0x56, 0x63, 0x77, 0xff, 0xeb, 0xed, 0xef, 0xff,
  0xff, 0xff, 0xff, 0xff, 0xfe, 0xfd, 0xfe, 0xff, 0xfe, 0xfe, 0xfd, 0xff,
  0xfe, 0xfd, 0xfe, 0xff, 0xff, 0xff, 0xff, 0xff, 0xeb, 0xed, 0xef, 0xff,
  0x3a, 0x4c, 0x63, 0xff, 0x00, 0x0f, 0x2e, 0xff, 0x00, 0x1a, 0x38, 0xff,
  0x01, 0x1a, 0x38, 0xff, 0x01, 0x1b, 0x38, 0xff, 0x01, 0x1b, 0x38, 0xff,
  0x01, 0x1b, 0x39, 0xff, 0x01, 0x1b, 0x39, 0xff, 0x01, 0x1b, 0x39, 0xff,
  0x01, 0x1b, 0x39, 0xff, 0x01, 0x1b, 0x39, 0xff, 0x01, 0x1b, 0x39, 0xff,
  0x01, 0x1a, 0x38, 0xff, 0x01, 0x1b, 0x38, 0xff, 0x01, 0x1b, 0x39, 0xff,
  0x01, 0x1b, 0x39, 0xff, 0x01, 0x1b, 0x39, 0xff, 0x01, 0x1b, 0x39, 0xff,
  0x01, 0x1b, 0x39, 0xff, 0x01, 0x1b, 0x39, 0xff, 0x01, 0x1b, 0x39, 0xff,
  0x01, 0x1a, 0x38, 0xff, 0x01, 0x1a, 0x38, 0xff, 0x01, 0x1b, 0x38, 0xff,
  0x01, 0x1b, 0x39, 0xff, 0x01, 0x1a, 0x39, 0xff, 0x01, 0x1b, 0x39, 0xff,
  0x01, 0x1b, 0x39, 0xff, 0x01, 0x1a, 0x39, 0xff, 0x01, 0x1b, 0x39, 0xff,
  0x01, 0x1b, 0x38, 0xff, 0x01, 0x1b, 0x39, 0xff, 0x01, 0x1b, 0x39, 0xff,
  0x01, 0x1b, 0x39, 0xff, 0x01, 0x1b, 0x39, 0xff, 0x01, 0x1b, 0x39, 0xff,
  0x01, 0x1b, 0x39, 0xff, 0x01, 0x1b, 0x39, 0xff, 0x01, 0x1a, 0x38, 0xff,
  0x01, 0x1b, 0x38, 0xff, 0x01, 0x1b, 0x39, 0xff, 0x01, 0x1b, 0x39, 0xff,
  0x01, 0x1b, 0x38, 0xff, 0x01, 0x1a, 0x38, 0xff, 0x01, 0x1a, 0x38, 0xff,
  0x01, 0x1b, 0x39, 0xff, 0x01, 0x1b, 0x39, 0xff, 0x01, 0x1b, 0x39, 0xff,
  0x01, 0x1b, 0x39, 0xff, 0x01, 0x1b, 0x39, 0xff, 0x01, 0x1b, 0x39, 0xff,
  0x01, 0x1b, 0x39, 0xff, 0x01, 0x1b, 0x39, 0xff, 0x01, 0x1b, 0x38, 0xff,
  0x01, 0x1a, 0x39, 0xff, 0x00, 0x1a, 0x37, 0xff, 0x00, 0x0f, 0x2d, 0xff,
  0x3b, 0x4c, 0x62, 0xff, 0xea, 0xec, 0xef, 0xff, 0xff, 0xff, 0xff, 0xff,
  0xfe, 0xfe, 0xfe, 0xff, 0xfe, 0xfe, 0xfe, 0xff, 0xfc, 0xfc, 0xfc, 0xff,
  0x53, 0x64, 0x77, 0xff, 0x00, 0x10, 0x2f, 0xff, 0x01, 0x1a, 0x38, 0xff,
  0x01, 0x1b, 0x39, 0xff, 0x01, 0x1b, 0x39, 0xff, 0x01, 0x1a, 0x39, 0xff,
  0x01, 0x1a, 0x39, 0xff, 0x01, 0x1b, 0x39, 0xff, 0x01, 0x1b, 0x3a, 0xff,
  0x01, 0x1b, 0x39, 0xff, 0x01, 0x1b, 0x39, 0xff, 0x01, 0x1b, 0x39, 0xff,
  0x01, 0x1b, 0x39, 0xff, 0x01, 0x1b, 0x39, 0xff, 0x01, 0x1b, 0x39, 0xff,
  0x01, 0x1b, 0x39, 0xff, 0x01, 0x1b, 0x39, 0xff, 0x01, 0x1b, 0x3a, 0xff,
  0x01, 0x1b, 0x3a, 0xff, 0x01, 0x1b, 0x3a, 0xff, 0x01, 0x1b, 0x3a, 0xff,
  0x01, 0x1b, 0x39, 0xff, 0x01, 0x1b, 0x3a, 0xff, 0x01, 0x1b, 0x39, 0xff,
  0x01, 0x1b, 0x39, 0xff, 0x01, 0x1b, 0x39, 0xff, 0x01, 0x1c, 0x3a, 0xff,
  0x01, 0x1b, 0x3a, 0xff, 0x01, 0x1b, 0x3a, 0xff, 0x01, 0x1b, 0x39, 0xff,
  0x01, 0x1b, 0x39, 0xff, 0x01, 0x1b, 0x3a, 0xff, 0x01, 0x1b, 0x3a, 0xff,
  0x01, 0x1b, 0x39, 0xff, 0x01, 0x1b, 0x39, 0xff, 0x01, 0x1b, 0x3a, 0xff,
  0x01, 0x1b, 0x3a, 0xff, 0x01, 0x1b, 0x3a, 0xff, 0x01, 0x1b, 0x3a, 0xff,
  0x01, 0x1b, 0x39, 0xff, 0x01, 0x1a, 0x39, 0xff, 0x01, 0x1b, 0x39, 0xff,
  0x01, 0x1b, 0x39, 0xff, 0x01, 0x1b, 0x39, 0xff, 0x01, 0x1b, 0x39, 0xff,
  0x01, 0x1b, 0x39, 0xff, 0x01, 0x1b, 0x39, 0xff, 0x01, 0x1b, 0x3a, 0xff,
  0x01, 0x1b, 0x3a, 0xff, 0x01, 0x1b, 0x39, 0xff, 0x01, 0x1b, 0x39, 0xff,
  0x01, 0x1b, 0x3a, 0xff, 0x01, 0x1b, 0x3a, 0xff, 0x01, 0x1b, 0x39, 0xff,
  0x01, 0x1b, 0x39, 0xff, 0x01, 0x1a, 0x39, 0xff, 0x01, 0x1a, 0x39, 0xff,
  0x01, 0x1b, 0x39, 0xff, 0x00, 0x0f, 0x2e, 0xff, 0x53, 0x63, 0x77, 0xff,
  0xfc, 0xfc, 0xfd, 0xff, 0xfe, 0xfe, 0xfe, 0xff, 0xff, 0xff, 0xff, 0xff,
  0xa7, 0xaf, 0xba, 0xff, 0x00, 0x13, 0x32, 0xff, 0x01, 0x1b, 0x3a, 0xff,
  0x01, 0x1b, 0x3a, 0xff, 0x01, 0x1b, 0x3a, 0xff, 0x01, 0x1b, 0x3a, 0xff,
  0x01, 0x1b, 0x3a, 0xff, 0x01, 0x1c, 0x3a, 0xff, 0x01, 0x1c, 0x3a, 0xff,
  0x01, 0x1b, 0x3a, 0xff, 0x01, 0x1c, 0x3a, 0xff, 0x01, 0x1c, 0x3a, 0xff,
  0x01, 0x1c, 0x3a, 0xff, 0x01, 0x1c, 0x3a, 0xff, 0x02, 0x1c, 0x3a, 0xff,
  0x01, 0x1c, 0x3b, 0xff, 0x01, 0x1c, 0x3a, 0xff, 0x01, 0x1c, 0x3a, 0xff,
  0x01, 0x1c, 0x3b, 0xff, 0x01, 0x1c, 0x3a, 0xff, 0x01, 0x1c, 0x3b, 0xff,
  0x01, 0x1c, 0x3b, 0xff, 0x01, 0x1c, 0x3a, 0xff, 0x01, 0x1c, 0x3b, 0xff,
  0x01, 0x1c, 0x3b, 0xff, 0x01, 0x1b, 0x3a, 0xff, 0x01, 0x1c, 0x3a, 0xff,
  0x01, 0x1c, 0x3b, 0xff, 0x01, 0x1c, 0x3b, 0xff, 0x01, 0x1c, 0x3a, 0xff,
  0x01, 0x1c, 0x3b, 0xff, 0x01, 0x1c, 0x3b, 0xff, 0x01, 0x1c, 0x3b, 0xff,
  0x01, 0x1c, 0x3b, 0xff, 0x01, 0x1c, 0x3a, 0xff, 0x01, 0x1c, 0x3a, 0xff,
  0x01, 0x1c, 0x3b, 0xff, 0x01, 0x1c, 0x3a, 0xff, 0x01, 0x1c, 0x3b, 0xff,
  0x01, 0x1c, 0x3a, 0xff, 0x01, 0x1c, 0x3a, 0xff, 0x01, 0x1c, 0x3b, 0xff,
  0x01, 0x1c, 0x3a, 0xff, 0x01, 0x1c, 0x3a, 0xff, 0x01, 0x1b, 0x3a, 0xff,
  0x01, 0x1c, 0x3a, 0xff, 0x01, 0x1c, 0x3a, 0xff, 0x01, 0x1b, 0x3a, 0xff,
  0x01, 0x1b, 0x3a, 0xff, 0x01, 0x1c, 0x3b, 0xff, 0x01, 0x1c, 0x3b, 0xff,
  0x01, 0x1c, 0x3b, 0xff, 0x01, 0x1c, 0x3a, 0xff, 0x01, 0x1c, 0x3b, 0xff,
  0x01, 0x1c, 0x3b, 0xff, 0x01, 0x1c, 0x3a, 0xff, 0x01, 0x1b, 0x3a, 0xff,
  0x01, 0x1b, 0x3a, 0xff, 0x01, 0x1b, 0x3a, 0xff, 0x01, 0x1a, 0x39, 0xff,
  0x00, 0x13, 0x31, 0xff, 0xa7, 0xaf, 0xb9, 0xff, 0xff, 0xff, 0xff, 0xff,
  0xf9, 0xfa, 0xfb, 0xff, 0x36, 0x4a, 0x62, 0xff, 0x00, 0x15, 0x35, 0xff,
  0x02, 0x1c, 0x3b, 0xff, 0x02, 0x1c, 0x3b, 0xff, 0x02, 0x1c, 0x3b, 0xff,
  0x01, 0x1c, 0x3a, 0xff, 0x02, 0x1c, 0x3b, 0xff, 0x02, 0x1c, 0x3b, 0xff,
  0x02, 0x1c, 0x3b, 0xff, 0x02, 0x1c, 0x3b, 0xff, 0x02, 0x1c, 0x3b, 0xff,
  0x02, 0x1d, 0x3b, 0xff, 0x01, 0x1c, 0x3b, 0xff, 0x02, 0x1c, 0x3b, 0xff,
  0x02, 0x1c, 0x3b, 0xff, 0x02, 0x1c, 0x3b, 0xff, 0x02, 0x1c, 0x3b, 0xff,
  0x02, 0x1c, 0x3b, 0xff, 0x01, 0x1c, 0x3b, 0xff, 0x02, 0x1c, 0x3b, 0xff,
  0x02, 0x1c, 0x3c, 0xff, 0x02, 0x1d, 0x3c, 0xff, 0x02, 0x1c, 0x3b, 0xff,
  0x02, 0x1c, 0x3b, 0xff, 0x02, 0x1c, 0x3c, 0xff, 0x02, 0x1c, 0x3c, 0xff,
  0x02, 0x1c, 0x3b, 0xff, 0x02, 0x1c, 0x3b, 0xff, 0x02, 0x1c, 0x3b, 0xff,
  0x02, 0x1c, 0x3b, 0xff, 0x02, 0x1c, 0x3b, 0xff, 0x02, 0x1c, 0x3b, 0xff,
  0x02, 0x1c, 0x3b, 0xff, 0x02, 0x1c, 0x3b, 0xff, 0x01, 0x1c, 0x3b, 0xff,
  0x01, 0x1c, 0x3b, 0xff, 0x01, 0x1c, 0x3b, 0xff, 0x02, 0x1c, 0x3b, 0xff,
  0x02, 0x1c, 0x3b, 0xff, 0x02, 0x1d, 0x3b, 0xff, 0x02, 0x1c, 0x3c, 0xff,
  0x02, 0x1c, 0x3b, 0xff, 0x02, 0x1c, 0x3b, 0xff, 0x02, 0x1c, 0x3b, 0xff,
  0x02, 0x1c, 0x3b, 0xff, 0x02, 0x1c, 0x3b, 0xff, 0x02, 0x1c, 0x3b, 0xff,
  0x02, 0x1c, 0x3b, 0xff, 0x02, 0x1c, 0x3b, 0xff, 0x02, 0x1d, 0x3c, 0xff,
  0x02, 0x1d, 0x3c, 0xff, 0x02, 0x1d, 0x3c, 0xff, 0x02, 0x1c, 0x3c, 0xff,
  0x01, 0x1c, 0x3b, 0xff, 0x01, 0x1c, 0x3b, 0xff, 0x01, 0x1c, 0x3b, 0xff,
  0x02, 0x1c, 0x3b, 0xff, 0x02, 0x1c, 0x3b, 0xff, 0x01, 0x1c, 0x3b, 0xff,
  0x01, 0x1b, 0x3a, 0xff, 0x00, 0x14, 0x33, 0xff, 0x35, 0x48, 0x60, 0xff,
  0xfa, 0xfa, 0xfa, 0xff, 0xcc, 0xd0, 0xd7, 0xff, 0x04, 0x1c, 0x3b, 0xff,
  0x01, 0x1b, 0x3a, 0xff, 0x02, 0x1d, 0x3c, 0xff, 0x02, 0x1d, 0x3c, 0xff,
  0x02, 0x1d, 0x3c, 0xff, 0x02, 0x1c, 0x3b, 0xff, 0x02, 0x1c, 0x3c, 0xff,
  0x02, 0x1d, 0x3c, 0xff, 0x02, 0x1d, 0x3c, 0xff, 0x02, 0x1d, 0x3c, 0xff,
  0x02, 0x1d, 0x3c, 0xff, 0x02, 0x1d, 0x3d, 0xff, 0x02, 0x1d, 0x3d, 0xff,
  0x02, 0x1d, 0x3d, 0xff, 0x02, 0x1d, 0x3c, 0xff, 0x02, 0x1d, 0x3c, 0xff,
  0x02, 0x1c, 0x3b, 0xff, 0x02, 0x1c, 0x3b, 0xff, 0x02, 0x1d, 0x3c, 0xff,
  0x02, 0x1d, 0x3c, 0xff, 0x02, 0x1d, 0x3c, 0xff, 0x02, 0x1d, 0x3c, 0xff,
  0x02, 0x1c, 0x3c, 0xff, 0x02, 0x1d, 0x3c, 0xff, 0x02, 0x1d, 0x3c, 0xff,
  0x02, 0x1d, 0x3c, 0xff, 0x02, 0x1d, 0x3c, 0xff, 0x02, 0x1c, 0x3b, 0xff,
  0x02, 0x1d, 0x3c, 0xff, 0x02, 0x1d, 0x3c, 0xff, 0x02, 0x1d, 0x3c, 0xff,
  0x02, 0x1d, 0x3c, 0xff, 0x02, 0x1d, 0x3c, 0xff, 0x02, 0x1d, 0x3c, 0xff,
  0x02, 0x1d, 0x3c, 0xff, 0x02, 0x1d, 0x3c, 0xff, 0x02, 0x1d, 0x3c, 0xff,
  0x02, 0x1d, 0x3c, 0xff, 0x02, 0x1d, 0x3d, 0xff, 0x02, 0x1d, 0x3d, 0xff,
  0x02, 0x1d, 0x3c, 0xff, 0x02, 0x1d, 0x3c, 0xff, 0x02, 0x1d, 0x3c, 0xff,
  0x02, 0x1d, 0x3c, 0xff, 0x01, 0x1d, 0x3c, 0xff, 0x02, 0x1d, 0x3c, 0xff,
  0x02, 0x1d, 0x3c, 0xff, 0x02, 0x1d, 0x3c, 0xff, 0x02, 0x1d, 0x3c, 0xff,
  0x02, 0x1d, 0x3c, 0xff, 0x02, 0x1d, 0x3c, 0xff, 0x02, 0x1d, 0x3c, 0xff,
  0x02, 0x1d, 0x3c, 0xff, 0x02, 0x1d, 0x3c, 0xff, 0x02, 0x1d, 0x3c, 0xff,
  0x02, 0x1d, 0x3c, 0xff, 0x02, 0x1d, 0x3c, 0xff, 0x02, 0x1d, 0x3b, 0xff,
  0x02, 0x1d, 0x3c, 0xff, 0x01, 0x1c, 0x3c, 0xff, 0x01, 0x1b, 0x3a, 0xff,
  0x04, 0x1c, 0x3a, 0xff, 0xcc, 0xd1, 0xd7, 0xff, 0x95, 0xa0, 0xae, 0xff,
  0x00, 0x13, 0x34, 0xff, 0x02, 0x1d, 0x3c, 0xff, 0x02, 0x1d, 0x3c, 0xff,
  0x02, 0x1d, 0x3d, 0xff, 0x02, 0x1d, 0x3d, 0xff, 0x02, 0x1d, 0x3d, 0xff,
  0x02, 0x1e, 0x3d, 0xff, 0x02, 0x1d, 0x3c, 0xff, 0x02, 0x1d, 0x3c, 0xff,
  0x02, 0x1e, 0x3d, 0xff, 0x02, 0x1e, 0x3d, 0xff, 0x02, 0x1e, 0x3d, 0xff,
  0x02, 0x1e, 0x3d, 0xff, 0x02, 0x1e, 0x3d, 0xff, 0x02, 0x1d, 0x3d, 0xff,
  0x02, 0x1d, 0x3d, 0xff, 0x02, 0x1d, 0x3c, 0xff, 0x02, 0x1d, 0x3c, 0xff,
  0x02, 0x1d, 0x3d, 0xff, 0x02, 0x1e, 0x3d, 0xff, 0x02, 0x1e, 0x3d, 0xff,
  0x02, 0x1d, 0x3d, 0xff, 0x02, 0x1d, 0x3d, 0xff, 0x02, 0x1e, 0x3d, 0xff,
  0x02, 0x1e, 0x3d, 0xff, 0x02, 0x1e, 0x3d, 0xff, 0x02, 0x1e, 0x3d, 0xff,
  0x02, 0x1d, 0x3d, 0xff, 0x02, 0x1d, 0x3c, 0xff, 0x02, 0x1d, 0x3c, 0xff,
  0x02, 0x1d, 0x3c, 0xff, 0x02, 0x1d, 0x3d, 0xff, 0x02, 0x1d, 0x3d, 0xff,
  0x02, 0x1d, 0x3d, 0xff, 0x02, 0x1d, 0x3d, 0xff, 0x02, 0x1d, 0x3d, 0xff,
  0x02, 0x1d, 0x3d, 0xff, 0x02, 0x1d, 0x3d, 0xff, 0x02, 0x1e, 0x3e, 0xff,
  0x02, 0x1e, 0x3e, 0xff, 0x02, 0x1e, 0x3e, 0xff, 0x02, 0x1e, 0x3d, 0xff,
  0x02, 0x1e, 0x3d, 0xff, 0x02, 0x1e, 0x3d, 0xff, 0x02, 0x1d, 0x3d, 0xff,
  0x02, 0x1d, 0x3d, 0xff, 0x02, 0x1d, 0x3d, 0xff, 0x02, 0x1d, 0x3d, 0xff,
  0x02, 0x1e, 0x3d, 0xff, 0x02, 0x1e, 0x3d, 0xff, 0x02, 0x1e, 0x3d, 0xff,
  0x02, 0x1d, 0x3d, 0xff, 0x02, 0x1e, 0x3d, 0xff, 0x02, 0x1d, 0x3d, 0xff,
  0x02, 0x1d, 0x3d, 0xff, 0x02, 0x1d, 0x3c, 0xff, 0x02, 0x1d, 0x3d, 0xff,
  0x02, 0x1e, 0x3d, 0xff, 0x02, 0x1e, 0x3d, 0xff, 0x02, 0x1d, 0x3d, 0xff,
  0x02, 0x1d, 0x3c, 0xff, 0x00, 0x14, 0x33, 0xff, 0x94, 0xa0, 0xac, 0xff,
  0x2b, 0x43, 0x5f, 0xff, 0x01, 0x1a, 0x3a, 0xff, 0x02, 0x1e, 0x3e, 0xff,
  0x02, 0x1e, 0x3d, 0xff, 0x02, 0x1d, 0x3d, 0xff, 0x02, 0x1d, 0x3d, 0xff,
  0x02, 0x1e, 0x3d, 0xff, 0x02, 0x1d, 0x3d, 0xff, 0x02, 0x1d, 0x3d, 0xff,
  0x02, 0x1d, 0x3d, 0xff, 0x02, 0x1e, 0x3d, 0xff, 0x02, 0x1e, 0x3e, 0xff,
  0x02, 0x1e, 0x3e, 0xff, 0x02, 0x1e, 0x3e, 0xff, 0x02, 0x1e, 0x3e, 0xff,
  0x02, 0x1e, 0x3e, 0xff, 0x02, 0x1e, 0x3e, 0xff, 0x02, 0x1e, 0x3d, 0xff,
  0x02, 0x1e, 0x3d, 0xff, 0x02, 0x1e, 0x3e, 0xff, 0x02, 0x1e, 0x3e, 0xff,
  0x02, 0x1e, 0x3e, 0xff, 0x02, 0x1e, 0x3d, 0xff, 0x02, 0x1e, 0x3d, 0xff,
  0x02, 0x1e, 0x3d, 0xff, 0x02, 0x1e, 0x3d, 0xff, 0x02, 0x1e, 0x3e, 0xff,
  0x02, 0x1e, 0x3e, 0xff, 0x02, 0x1d, 0x3d, 0xff, 0x02, 0x1d, 0x3d, 0xff,
  0x02, 0x1d, 0x3d, 0xff, 0x02, 0x1e, 0x3e, 0xff, 0x02, 0x1e, 0x3e, 0xff,
  0x02, 0x1e, 0x3e, 0xff, 0x02, 0x1e, 0x3e, 0xff, 0x02, 0x1d, 0x3d, 0xff,
  0x02, 0x1d, 0x3d, 0xff, 0x02, 0x1e, 0x3d, 0xff, 0x02, 0x1e, 0x3e, 0xff,
  0x02, 0x1e, 0x3e, 0xff, 0x02, 0x1e, 0x3e, 0xff, 0x02, 0x1e, 0x3e, 0xff,
  0x02, 0x1d, 0x3d, 0xff, 0x02, 0x1e, 0x3e, 0xff, 0x02, 0x1e, 0x3e, 0xff,
  0x02, 0x1e, 0x3e, 0xff, 0x02, 0x1e, 0x3e, 0xff, 0x02, 0x1e, 0x3e, 0xff,
  0x02, 0x1e, 0x3d, 0xff, 0x02, 0x1e, 0x3e, 0xff, 0x02, 0x1e, 0x3d, 0xff,
  0x02, 0x1e, 0x3d, 0xff, 0x02, 0x1e, 0x3e, 0xff, 0x02, 0x1e, 0x3d, 0xff,
  0x02, 0x1d, 0x3d, 0xff, 0x02, 0x1d, 0x3d, 0xff, 0x02, 0x1d, 0x3d, 0xff,
  0x02, 0x1e, 0x3d, 0xff, 0x02, 0x1e, 0x3d, 0xff, 0x02, 0x1d, 0x3d, 0xff,
  0x02, 0x1e, 0x3d, 0xff, 0x02, 0x1d, 0x3d, 0xff, 0x01, 0x1a, 0x39, 0xff,
  0x2a, 0x43, 0x5e, 0xff, 0x00, 0x1b, 0x3b, 0xff, 0x02, 0x1e, 0x3f, 0xff,
  0x02, 0x1f, 0x3f, 0xff, 0x02, 0x1e, 0x3e, 0xff, 0x02, 0x1e, 0x3e, 0xff,
  0x03, 0x1e, 0x3e, 0xff, 0x02, 0x1e, 0x3e, 0xff, 0x02, 0x1e, 0x3d, 0xff,
  0x02, 0x1d, 0x3d, 0xff, 0x02, 0x1e, 0x3e, 0xff, 0x02, 0x1e, 0x3e, 0xff,
  0x02, 0x1e, 0x3e, 0xff, 0x02, 0x1e, 0x3f, 0xff, 0x02, 0x1f, 0x3f, 0xff,
  0x02, 0x1f, 0x3f, 0xff, 0x02, 0x1f, 0x3f, 0xff, 0x02, 0x1e, 0x3f, 0xff,
  0x02, 0x1f, 0x3f, 0xff, 0x02, 0x1f, 0x3f, 0xff, 0x02, 0x1f, 0x3f, 0xff,
  0x02, 0x1f, 0x3f, 0xff, 0x02, 0x1f, 0x3f, 0xff, 0x02, 0x1f, 0x3f, 0xff,
  0x02, 0x1e, 0x3f, 0xff, 0x02, 0x1e, 0x3e, 0xff, 0x02, 0x1e, 0x3e, 0xff,
  0x02, 0x1e, 0x3f, 0xff, 0x02, 0x1f, 0x3f, 0xff, 0x02, 0x1e, 0x3f, 0xff,
  0x02, 0x1e, 0x3e, 0xff, 0x02, 0x1e, 0x3e, 0xff, 0x02, 0x1e, 0x3e, 0xff,
  0x02, 0x1f, 0x3f, 0xff, 0x02, 0x1f, 0x3f, 0xff, 0x02, 0x1f, 0x3f, 0xff,
  0x02, 0x1f, 0x3f, 0xff, 0x02, 0x1e, 0x3e, 0xff, 0x02, 0x1e, 0x3f, 0xff,
  0x02, 0x1f, 0x3f, 0xff, 0x02, 0x1e, 0x3f, 0xff, 0x02, 0x1e, 0x3f, 0xff,
  0x02, 0x1e, 0x3f, 0xff, 0x02, 0x1e, 0x3e, 0xff, 0x02, 0x1f, 0x3f, 0xff,
  0x02, 0x1f, 0x3f, 0xff, 0x02, 0x1e, 0x3f, 0xff, 0x02, 0x1f, 0x3f, 0xff,
  0x02, 0x1f, 0x3f, 0xff, 0x02, 0x1f, 0x3f, 0xff, 0x02, 0x1e, 0x3e, 0xff,
  0x02, 0x1e, 0x3e, 0xff, 0x02, 0x1e, 0x3e, 0xff, 0x02, 0x1e, 0x3e, 0xff,
  0x02, 0x1e, 0x3e, 0xff, 0x02, 0x1e, 0x3e, 0xff, 0x02, 0x1e, 0x3e, 0xff,
  0x02, 0x1e, 0x3e, 0xff, 0x02, 0x1e, 0x3f, 0xff, 0x02, 0x1e, 0x3e, 0xff,
  0x02, 0x1e, 0x3e, 0xff, 0x02, 0x1e, 0x3e, 0xff, 0x02, 0x1e, 0x3e, 0xff,
  0x02, 0x1e, 0x3e, 0xff, 0x00, 0x1a, 0x39, 0xff, 0x02, 0x1f, 0x3e, 0xff,
  0x03, 0x1e, 0x3f, 0xff, 0x03, 0x1f, 0x3f, 0xff, 0x02, 0x1e, 0x3f, 0xff,
  0x02, 0x1f, 0x3f, 0xff, 0x03, 0x1f, 0x3f, 0xff, 0x02, 0x1f, 0x3f, 0xff,
  0x02, 0x1e, 0x3f, 0xff, 0x02, 0x1e, 0x3f, 0xff, 0x02, 0x1e, 0x3e, 0xff,
  0x02, 0x1e, 0x3f, 0xff, 0x03, 0x1f, 0x3f, 0xff, 0x03, 0x1f, 0x3f, 0xff,
  0x02, 0x1f, 0x3f, 0xff, 0x03, 0x1f, 0x3f, 0xff, 0x03, 0x1f, 0x3f, 0xff,
  0x02, 0x1f, 0x3f, 0xff, 0x03, 0x1f, 0x3f, 0xff, 0x03, 0x1f, 0x40, 0xff,
  0x02, 0x1f, 0x3f, 0xff, 0x02, 0x1f, 0x3f, 0xff, 0x02, 0x1f, 0x3f, 0xff,
  0x02, 0x1f, 0x3f, 0xff, 0x03, 0x1f, 0x3f, 0xff, 0x02, 0x1f, 0x3f, 0xff,
  0x02, 0x1e, 0x3e, 0xff, 0x02, 0x1f, 0x3f, 0xff, 0x02, 0x1f, 0x3f, 0xff,
  0x02, 0x1f, 0x3f, 0xff, 0x03, 0x1f, 0x3f, 0xff, 0x02, 0x1f, 0x3f, 0xff,
  0x02, 0x1f, 0x3f, 0xff, 0x02, 0x1f, 0x3f, 0xff, 0x02, 0x1f, 0x3f, 0xff,
  0x03, 0x1f, 0x3f, 0xff, 0x02, 0x1f, 0x40, 0xff, 0x02, 0x1f, 0x3f, 0xff,
  0x02, 0x1f, 0x3f, 0xff, 0x03, 0x1f, 0x40, 0xff, 0x03, 0x1f, 0x40, 0xff,
  0x02, 0x1f, 0x3f, 0xff, 0x02, 0x1f, 0x3f, 0xff, 0x03, 0x1f, 0x3f, 0xff,
  0x03, 0x1f, 0x3f, 0xff, 0x02, 0x1f, 0x3f, 0xff, 0x02, 0x1f, 0x3f, 0xff,
  0x02, 0x1f, 0x3f, 0xff, 0x03, 0x1f, 0x40, 0xff, 0x03, 0x1f, 0x40, 0xff,
  0x03, 0x1f, 0x40, 0xff, 0x03, 0x1f, 0x3f, 0xff, 0x02, 0x1e, 0x3f, 0xff,
  0x02, 0x1e, 0x3f, 0xff, 0x02, 0x1f, 0x3f, 0xff, 0x02, 0x1e, 0x3e, 0xff,
  0x03, 0x1f, 0x3f, 0xff, 0x03, 0x1f, 0x3f, 0xff, 0x03, 0x1f, 0x3f, 0xff,
  0x02, 0x1f, 0x3f, 0xff, 0x03, 0x1f, 0x3f, 0xff, 0x03, 0x1f, 0x3f, 0xff,
  0x03, 0x1f, 0x3f, 0xff, 0x02, 0x1e, 0x3e, 0xff, 0x02, 0x1e, 0x3d, 0xff,
  0x03, 0x1f, 0x3f, 0xff, 0x03, 0x1f, 0x3f, 0xff, 0x03, 0x1f, 0x3f, 0xff,
  0x02, 0x1f, 0x3f, 0xff, 0x03, 0x1f, 0x3f, 0xff, 0x03, 0x1f, 0x40, 0xff,
  0x02, 0x1f, 0x3f, 0xff, 0x02, 0x1f, 0x40, 0xff, 0x02, 0x1f, 0x40, 0xff,
  0x03, 0x1f, 0x3f, 0xff, 0x03, 0x1f, 0x3f, 0xff, 0x03, 0x1f, 0x3f, 0xff,
  0x03, 0x1f, 0x40, 0xff, 0x03, 0x1f, 0x40, 0xff, 0x03, 0x1f, 0x40, 0xff,
  0x03, 0x1f, 0x40, 0xff, 0x02, 0x1f, 0x40, 0xff, 0x03, 0x1f, 0x40, 0xff,
  0x03, 0x1f, 0x40, 0xff, 0x03, 0x1f, 0x40, 0xff, 0x03, 0x1f, 0x40, 0xff,
  0x02, 0x1f, 0x40, 0xff, 0x03, 0x1f, 0x40, 0xff, 0x03, 0x1f, 0x40, 0xff,
  0x02, 0x1f, 0x3f, 0xff, 0x02, 0x1f, 0x3f, 0xff, 0x03, 0x1f, 0x3f, 0xff,
  0x03, 0x1f, 0x3f, 0xff, 0x03, 0x1f, 0x3f, 0xff, 0x03, 0x1f, 0x40, 0xff,
  0x03, 0x1f, 0x40, 0xff, 0x03, 0x1f, 0x3f, 0xff, 0x02, 0x1f, 0x40, 0xff,
  0x02, 0x1f, 0x40, 0xff, 0x03, 0x1f, 0x40, 0xff, 0x03, 0x1f, 0x40, 0xff,
  0x03, 0x20, 0x40, 0xff, 0x03, 0x1f, 0x40, 0xff, 0x03, 0x20, 0x40, 0xff,
  0x03, 0x20, 0x40, 0xff, 0x02, 0x1f, 0x3f, 0xff, 0x03, 0x1f, 0x40, 0xff,
  0x03, 0x20, 0x40, 0xff, 0x03, 0x1f, 0x40, 0xff, 0x03, 0x1f, 0x40, 0xff,
  0x02, 0x1f, 0x40, 0xff, 0x03, 0x1f, 0x40, 0xff, 0x03, 0x20, 0x40, 0xff,
  0x03, 0x1f, 0x40, 0xff, 0x03, 0x1f, 0x40, 0xff, 0x03, 0x1f, 0x40, 0xff,
  0x03, 0x1f, 0x40, 0xff, 0x03, 0x1f, 0x40, 0xff, 0x02, 0x1f, 0x3f, 0xff,
  0x02, 0x1f, 0x3f, 0xff, 0x02, 0x1f, 0x3f, 0xff, 0x03, 0x1f, 0x3f, 0xff,
  0x03, 0x1f, 0x40, 0xff, 0x03, 0x1f, 0x40, 0xff, 0x03, 0x1f, 0x3f, 0xff,
  0x03, 0x1f, 0x40, 0xff, 0x03, 0x1f, 0x40, 0xff, 0x03, 0x1f, 0x3f, 0xff,
  0x03, 0x1e, 0x3e, 0xff, 0x03, 0x20, 0x40, 0xff, 0x03, 0x20, 0x40, 0xff,
  0x03, 0x20, 0x41, 0xff, 0x03, 0x20, 0x41, 0xff, 0x03, 0x20, 0x41, 0xff,
  0x03, 0x20, 0x41, 0xff, 0x03, 0x20, 0x41, 0xff, 0x03, 0x20, 0x41, 0xff,
  0x03, 0x20, 0x41, 0xff, 0x03, 0x20, 0x41, 0xff, 0x03, 0x20, 0x41, 0xff,
  0x03, 0x20, 0x41, 0xff, 0x03, 0x20, 0x41, 0xff, 0x03, 0x20, 0x41, 0xff,
  0x03, 0x20, 0x41, 0xff, 0x03, 0x21, 0x41, 0xff, 0x03, 0x20, 0x41, 0xff,
  0x03, 0x20, 0x41, 0xff, 0x03, 0x21, 0x42, 0xff, 0x03, 0x21, 0x42, 0xff,
  0x03, 0x20, 0x41, 0xff, 0x03, 0x21, 0x42, 0xff, 0x03, 0x20, 0x42, 0xff,
  0x03, 0x20, 0x41, 0xff, 0x03, 0x20, 0x41, 0xff, 0x03, 0x20, 0x41, 0xff,
  0x03, 0x20, 0x41, 0xff, 0x03, 0x20, 0x41, 0xff, 0x03, 0x20, 0x41, 0xff,
  0x03, 0x21, 0x41, 0xff, 0x03, 0x20, 0x41, 0xff, 0x03, 0x20, 0x41, 0xff,
  0x03, 0x20, 0x41, 0xff, 0x03, 0x20, 0x41, 0xff, 0x03, 0x20, 0x41, 0xff,
  0x03, 0x21, 0x41, 0xff, 0x03, 0x21, 0x42, 0xff, 0x03, 0x20, 0x41, 0xff,
  0x03, 0x20, 0x41, 0xff, 0x03, 0x20, 0x41, 0xff, 0x03, 0x20, 0x41, 0xff,
  0x03, 0x20, 0x41, 0xff, 0x03, 0x21, 0x42, 0xff, 0x03, 0x20, 0x42, 0xff,
  0x03, 0x20, 0x41, 0xff, 0x03, 0x20, 0x41, 0xff, 0x03, 0x20, 0x41, 0xff,
  0x03, 0x20, 0x41, 0xff, 0x03, 0x20, 0x41, 0xff, 0x03, 0x20, 0x41, 0xff,
  0x03, 0x20, 0x41, 0xff, 0x03, 0x21, 0x41, 0xff, 0x03, 0x20, 0x41, 0xff,
  0x03, 0x20, 0x40, 0xff, 0x03, 0x20, 0x41, 0xff, 0x03, 0x20, 0x41, 0xff,
  0x03, 0x20, 0x40, 0xff, 0x03, 0x20, 0x41, 0xff, 0x03, 0x20, 0x41, 0xff,
  0x03, 0x20, 0x41, 0xff, 0x03, 0x21, 0x41, 0xff, 0x03, 0x21, 0x42, 0xff,
  0x03, 0x20, 0x41, 0xff, 0x03, 0x20, 0x40, 0xff, 0x03, 0x21, 0x41, 0xff,
  0x03, 0x20, 0x41, 0xff, 0x03, 0x20, 0x42, 0xff, 0x03, 0x20, 0x42, 0xff,
  0x03, 0x21, 0x42, 0xff, 0x03, 0x21, 0x42, 0xff, 0x03, 0x21, 0x42, 0xff,
  0x03, 0x21, 0x42, 0xff, 0x03, 0x21, 0x42, 0xff, 0x03, 0x21, 0x42, 0xff,
  0x03, 0x21, 0x42, 0xff, 0x03, 0x21, 0x43, 0xff, 0x03, 0x21, 0x43, 0xff,
  0x03, 0x21, 0x42, 0xff, 0x03, 0x21, 0x43, 0xff, 0x03, 0x21, 0x42, 0xff,
  0x03, 0x21, 0x42, 0xff, 0x03, 0x21, 0x42, 0xff, 0x03, 0x21, 0x43, 0xff,
  0x03, 0x21, 0x42, 0xff, 0x03, 0x21, 0x42, 0xff, 0x03, 0x21, 0x42, 0xff,
  0x03, 0x21, 0x42, 0xff, 0x03, 0x21, 0x42, 0xff, 0x03, 0x21, 0x42, 0xff,
  0x03, 0x20, 0x42, 0xff, 0x03, 0x21, 0x43, 0xff, 0x03, 0x21, 0x42, 0xff,
  0x03, 0x21, 0x42, 0xff, 0x03, 0x21, 0x42, 0xff, 0x03, 0x21, 0x42, 0xff,
  0x03, 0x20, 0x42, 0xff, 0x03, 0x20, 0x42, 0xff, 0x03, 0x20, 0x42, 0xff,
  0x03, 0x21, 0x42, 0xff, 0x03, 0x21, 0x42, 0xff, 0x03, 0x21, 0x42, 0xff,
  0x03, 0x21, 0x42, 0xff, 0x03, 0x21, 0x42, 0xff, 0x03, 0x21, 0x42, 0xff,
  0x03, 0x21, 0x42, 0xff, 0x03, 0x21, 0x42, 0xff, 0x03, 0x20, 0x42, 0xff,
  0x03, 0x20, 0x42, 0xff, 0x03, 0x21, 0x42, 0xff, 0x03, 0x21, 0x43, 0xff,
  0x03, 0x21, 0x43, 0xff, 0x03, 0x21, 0x43, 0xff, 0x03, 0x21, 0x43, 0xff,
  0x03, 0x21, 0x43, 0xff, 0x03, 0x21, 0x43, 0xff, 0x03, 0x21, 0x42, 0xff,
  0x03, 0x21, 0x42, 0xff, 0x03, 0x20, 0x41, 0xff, 0x03, 0x20, 0x42, 0xff,
  0x03, 0x21, 0x42, 0xff, 0x03, 0x21, 0x42, 0xff, 0x03, 0x21, 0x42, 0xff,
  0x03, 0x21, 0x42, 0xff, 0x03, 0x21, 0x42, 0xff, 0x03, 0x21, 0x43, 0xff,
  0x03, 0x21, 0x43, 0xff, 0x03, 0x20, 0x42, 0xff, 0x03, 0x21, 0x40, 0xff,
  0x03, 0x21, 0x42, 0xff, 0x03, 0x21, 0x43, 0xff, 0x03, 0x21, 0x43, 0xff,
  0x03, 0x21, 0x43, 0xff, 0x03, 0x21, 0x43, 0xff, 0x03, 0x21, 0x42, 0xff,
  0x03, 0x21, 0x43, 0xff, 0x03, 0x21, 0x43, 0xff, 0x03, 0x21, 0x43, 0xff,
  0x03, 0x21, 0x43, 0xff, 0x03, 0x22, 0x43, 0xff, 0x03, 0x22, 0x44, 0xff,
  0x03, 0x22, 0x44, 0xff, 0x03, 0x22, 0x43, 0xff, 0x03, 0x22, 0x43, 0xff,
  0x03, 0x21, 0x43, 0xff, 0x03, 0x21, 0x43, 0xff, 0x03, 0x21, 0x43, 0xff,
  0x03, 0x21, 0x43, 0xff, 0x03, 0x22, 0x43, 0xff, 0x03, 0x22, 0x44, 0xff,
  0x03, 0x22, 0x44, 0xff, 0x03, 0x22, 0x43, 0xff, 0x03, 0x22, 0x43, 0xff,
  0x03, 0x22, 0x44, 0xff, 0x03, 0x22, 0x44, 0xff, 0x03, 0x22, 0x44, 0xff,
  0x03, 0x22, 0x43, 0xff, 0x03, 0x21, 0x43, 0xff, 0x03, 0x22, 0x43, 0xff,
  0x03, 0x22, 0x43, 0xff, 0x03, 0x21, 0x43, 0xff, 0x03, 0x21, 0x43, 0xff,
  0x03, 0x21, 0x43, 0xff, 0x03, 0x22, 0x43, 0xff, 0x04, 0x22, 0x43, 0xff,
  0x04, 0x22, 0x43, 0xff, 0x04, 0x22, 0x43, 0xff, 0x03, 0x21, 0x43, 0xff,
  0x03, 0x22, 0x43, 0xff, 0x03, 0x22, 0x44, 0xff, 0x03, 0x22, 0x43, 0xff,
  0x03, 0x22, 0x43, 0xff, 0x03, 0x21, 0x43, 0xff, 0x03, 0x22, 0x43, 0xff,
  0x03, 0x21, 0x43, 0xff, 0x03, 0x21, 0x43, 0xff, 0x03, 0x22, 0x44, 0xff,
  0x03, 0x22, 0x44, 0xff, 0x03, 0x22, 0x44, 0xff, 0x03, 0x22, 0x44, 0xff,
  0x03, 0x21, 0x43, 0xff, 0x03, 0x22, 0x43, 0xff, 0x03, 0x22, 0x44, 0xff,
  0x03, 0x22, 0x43, 0xff, 0x03, 0x22, 0x43, 0xff, 0x03, 0x22, 0x43, 0xff,
  0x03, 0x21, 0x43, 0xff, 0x03, 0x22, 0x43, 0xff, 0x03, 0x22, 0x43, 0xff,
  0x03, 0x22, 0x43, 0xff, 0x03, 0x22, 0x43, 0xff, 0x03, 0x22, 0x43, 0xff,
  0x03, 0x21, 0x41, 0xff, 0x03, 0x22, 0x43, 0xff, 0x04, 0x22, 0x44, 0xff,
  0x03, 0x22, 0x44, 0xff, 0x04, 0x22, 0x44, 0xff, 0x03, 0x22, 0x44, 0xff,
  0x03, 0x22, 0x43, 0xff, 0x03, 0x22, 0x44, 0xff, 0x03, 0x22, 0x44, 0xff,
  0x03, 0x22, 0x44, 0xff, 0x03, 0x22, 0x44, 0xff, 0x03, 0x22, 0x44, 0xff,
  0x03, 0x22, 0x44, 0xff, 0x03, 0x22, 0x44, 0xff, 0x03, 0x22, 0x44, 0xff,
  0x03, 0x22, 0x44, 0xff, 0x04, 0x22, 0x44, 0xff, 0x03, 0x22, 0x44, 0xff,
  0x03, 0x22, 0x44, 0xff, 0x03, 0x22, 0x44, 0xff, 0x03, 0x22, 0x44, 0xff,
  0x03, 0x22, 0x44, 0xff, 0x03, 0x22, 0x44, 0xff, 0x03, 0x22, 0x44, 0xff,
  0x04, 0x23, 0x45, 0xff, 0x04, 0x23, 0x45, 0xff, 0x03, 0x22, 0x45, 0xff,
  0x03, 0x22, 0x44, 0xff, 0x03, 0x22, 0x44, 0xff, 0x03, 0x22, 0x43, 0xff,
  0x03, 0x22, 0x44, 0xff, 0x03, 0x22, 0x44, 0xff, 0x03, 0x22, 0x44, 0xff,
  0x04, 0x22, 0x44, 0xff, 0x04, 0x22, 0x45, 0xff, 0x04, 0x22, 0x45, 0xff,
  0x04, 0x23, 0x45, 0xff, 0x04, 0x22, 0x44, 0xff, 0x04, 0x22, 0x44, 0xff,
  0x03, 0x22, 0x44, 0xff, 0x03, 0x22, 0x44, 0xff, 0x03, 0x22, 0x44, 0xff,
  0x03, 0x22, 0x45, 0xff, 0x04, 0x22, 0x45, 0xff, 0x03, 0x22, 0x44, 0xff,
  0x03, 0x22, 0x44, 0xff, 0x03, 0x22, 0x44, 0xff, 0x04, 0x22, 0x44, 0xff,
  0x04, 0x22, 0x44, 0xff, 0x04, 0x22, 0x44, 0xff, 0x03, 0x22, 0x44, 0xff,
  0x03, 0x22, 0x44, 0xff, 0x03, 0x22, 0x44, 0xff, 0x03, 0x22, 0x44, 0xff,
  0x03, 0x22, 0x44, 0xff, 0x03, 0x22, 0x44, 0xff, 0x03, 0x22, 0x44, 0xff,
  0x03, 0x22, 0x44, 0xff, 0x03, 0x22, 0x44, 0xff, 0x04, 0x22, 0x44, 0xff,
  0x04, 0x23, 0x45, 0xff, 0x04, 0x22, 0x45, 0xff, 0x03, 0x22, 0x44, 0xff,
  0x03, 0x22, 0x44, 0xff, 0x04, 0x22, 0x42, 0xff, 0x03, 0x23, 0x44, 0xff,
  0x04, 0x22, 0x45, 0xff, 0x03, 0x22, 0x45, 0xff, 0x04, 0x22, 0x45, 0xff,
  0x03, 0x22, 0x44, 0xff, 0x04, 0x23, 0x45, 0xff, 0x04, 0x23, 0x45, 0xff,
  0x03, 0x22, 0x45, 0xff, 0x03, 0x23, 0x45, 0xff, 0x03, 0x22, 0x44, 0xff,
  0x03, 0x22, 0x44, 0xff, 0x03, 0x23, 0x45, 0xff, 0x03, 0x23, 0x45, 0xff,
  0x03, 0x22, 0x45, 0xff, 0x03, 0x22, 0x45, 0xff, 0x03, 0x23, 0x45, 0xff,
  0x03, 0x22, 0x45, 0xff, 0x03, 0x22, 0x45, 0xff, 0x03, 0x23, 0x45, 0xff,
  0x04, 0x23, 0x46, 0xff, 0x04, 0x23, 0x46, 0xff, 0x04, 0x23, 0x45, 0xff,
  0x04, 0x23, 0x45, 0xff, 0x04, 0x23, 0x46, 0xff, 0x03, 0x23, 0x46, 0xff,
  0x03, 0x23, 0x46, 0xff, 0x03, 0x23, 0x46, 0xff, 0x04, 0x23, 0x45, 0xff,
  0x03, 0x22, 0x45, 0xff, 0x03, 0x22, 0x45, 0xff, 0x03, 0x22, 0x45, 0xff,
  0x03, 0x23, 0x45, 0xff, 0x03, 0x23, 0x45, 0xff, 0x03, 0x23, 0x46, 0xff,
  0x03, 0x22, 0x45, 0xff, 0x03, 0x22, 0x45, 0xff, 0x03, 0x22, 0x45, 0xff,
  0x03, 0x22, 0x45, 0xff, 0x03, 0x23, 0x45, 0xff, 0x03, 0x23, 0x45, 0xff,
  0x04, 0x23, 0x46, 0xff, 0x04, 0x23, 0x46, 0xff, 0x03, 0x23, 0x45, 0xff,
  0x04, 0x23, 0x45, 0xff, 0x04, 0x23, 0x45, 0xff, 0x03, 0x22, 0x45, 0xff,
  0x04, 0x23, 0x45, 0xff, 0x04, 0x23, 0x45, 0xff, 0x04, 0x23, 0x46, 0xff,
  0x03, 0x23, 0x45, 0xff, 0x03, 0x22, 0x45, 0xff, 0x03, 0x22, 0x45, 0xff,
  0x03, 0x22, 0x44, 0xff, 0x03, 0x22, 0x44, 0xff, 0x03, 0x22, 0x44, 0xff,
  0x03, 0x22, 0x44, 0xff, 0x03, 0x22, 0x45, 0xff, 0x03, 0x22, 0x44, 0xff,
  0x03, 0x22, 0x45, 0xff, 0x04, 0x23, 0x45, 0xff, 0x04, 0x23, 0x45, 0xff,
  0x04, 0x23, 0x45, 0xff, 0x03, 0x22, 0x44, 0xff, 0x04, 0x22, 0x43, 0xff,
  0x04, 0x24, 0x45, 0xff, 0x04, 0x24, 0x46, 0xff, 0x04, 0x24, 0x46, 0xff,
  0x04, 0x24, 0x46, 0xff, 0x04, 0x23, 0x46, 0xff, 0x04, 0x23, 0x46, 0xff,
  0x04, 0x23, 0x46, 0xff, 0x04, 0x23, 0x46, 0xff, 0x04, 0x24, 0x46, 0xff,
  0x03, 0x23, 0x46, 0xff, 0x04, 0x23, 0x46, 0xff, 0x04, 0x24, 0x47, 0xff,
  0x03, 0x23, 0x46, 0xff, 0x03, 0x23, 0x45, 0xff, 0x04, 0x23, 0x46, 0xff,
  0x04, 0x23, 0x46, 0xff, 0x03, 0x23, 0x46, 0xff, 0x04, 0x23, 0x46, 0xff,
  0x04, 0x23, 0x46, 0xff, 0x04, 0x24, 0x46, 0xff, 0x04, 0x23, 0x46, 0xff,
  0x04, 0x23, 0x46, 0xff, 0x04, 0x23, 0x46, 0xff, 0x04, 0x23, 0x46, 0xff,
  0x03, 0x24, 0x46, 0xff, 0x04, 0x24, 0x47, 0xff, 0x04, 0x24, 0x46, 0xff,
  0x03, 0x23, 0x46, 0xff, 0x04, 0x23, 0x46, 0xff, 0x04, 0x23, 0x46, 0xff,
  0x04, 0x23, 0x46, 0xff, 0x04, 0x23, 0x46, 0xff, 0x04, 0x23, 0x46, 0xff,
  0x04, 0x24, 0x46, 0xff, 0x04, 0x23, 0x46, 0xff, 0x04, 0x23, 0x46, 0xff,
  0x03, 0x23, 0x46, 0xff, 0x04, 0x24, 0x46, 0xff, 0x04, 0x24, 0x46, 0xff,
  0x04, 0x24, 0x46, 0xff, 0x04, 0x24, 0x46, 0xff, 0x04, 0x24, 0x46, 0xff,
  0x04, 0x23, 0x46, 0xff, 0x04, 0x24, 0x46, 0xff, 0x04, 0x23, 0x46, 0xff,
  0x04, 0x23, 0x46, 0xff, 0x04, 0x24, 0x46, 0xff, 0x04, 0x24, 0x46, 0xff,
  0x04, 0x24, 0x46, 0xff, 0x04, 0x23, 0x46, 0xff, 0x04, 0x23, 0x46, 0xff,
  0x04, 0x23, 0x46, 0xff, 0x04, 0x23, 0x45, 0xff, 0x04, 0x23, 0x46, 0xff,
  0x04, 0x23, 0x46, 0xff, 0x04, 0x23, 0x45, 0xff, 0x04, 0x23, 0x46, 0xff,
  0x03, 0x23, 0x45, 0xff, 0x03, 0x23, 0x45, 0xff, 0x04, 0x23, 0x46, 0xff,
  0x04, 0x23, 0x46, 0xff, 0x04, 0x23, 0x46, 0xff, 0x04, 0x23, 0x45, 0xff,
  0x04, 0x23, 0x44, 0xff, 0x04, 0x24, 0x47, 0xff, 0x04, 0x24, 0x47, 0xff,
  0x04, 0x24, 0x47, 0xff, 0x04, 0x24, 0x47, 0xff, 0x04, 0x24, 0x47, 0xff,
  0x04, 0x24, 0x47, 0xff, 0x04, 0x24, 0x47, 0xff, 0x04, 0x24, 0x47, 0xff,
  0x04, 0x24, 0x47, 0xff, 0x04, 0x24, 0x47, 0xff, 0x04, 0x24, 0x47, 0xff,
  0x03, 0x24, 0x47, 0xff, 0x03, 0x23, 0x47, 0xff, 0x04, 0x24, 0x47, 0xff,
  0x04, 0x23, 0x47, 0xff, 0x04, 0x23, 0x47, 0xff, 0x04, 0x24, 0x47, 0xff,
  0x04, 0x24, 0x47, 0xff, 0x04, 0x24, 0x47, 0xff, 0x04, 0x24, 0x47, 0xff,
  0x04, 0x24, 0x47, 0xff, 0x03, 0x23, 0x47, 0xff, 0x04, 0x23, 0x47, 0xff,
  0x04, 0x24, 0x47, 0xff, 0x03, 0x24, 0x47, 0xff, 0x04, 0x24, 0x47, 0xff,
  0x04, 0x23, 0x47, 0xff, 0x04, 0x23, 0x46, 0xff, 0x04, 0x24, 0x47, 0xff,
  0x04, 0x24, 0x47, 0xff, 0x04, 0x24, 0x47, 0xff, 0x04, 0x24, 0x47, 0xff,
  0x04, 0x24, 0x47, 0xff, 0x04, 0x24, 0x47, 0xff, 0x04, 0x24, 0x47, 0xff,
  0x04, 0x23, 0x46, 0xff, 0x04, 0x23, 0x47, 0xff, 0x04, 0x24, 0x47, 0xff,
  0x04, 0x24, 0x47, 0xff, 0x04, 0x24, 0x47, 0xff, 0x04, 0x23, 0x46, 0xff,
  0x04, 0x23, 0x47, 0xff, 0x04, 0x24, 0x47, 0xff, 0x04, 0x24, 0x47, 0xff,
  0x04, 0x23, 0x46, 0xff, 0x04, 0x23, 0x47, 0xff, 0x04, 0x24, 0x47, 0xff,
  0x04, 0x24, 0x48, 0xff, 0x04, 0x24, 0x47, 0xff, 0x04, 0x24, 0x47, 0xff,
  0x04, 0x24, 0x47, 0xff, 0x04, 0x24, 0x47, 0xff, 0x04, 0x24, 0x47, 0xff,
  0x04, 0x24, 0x47, 0xff, 0x04, 0x24, 0x46, 0xff, 0x04, 0x23, 0x46, 0xff,
  0x04, 0x24, 0x47, 0xff, 0x04, 0x24, 0x47, 0xff, 0x04, 0x24, 0x47, 0xff,
  0x04, 0x24, 0x47, 0xff, 0x04, 0x24, 0x47, 0xff, 0x04, 0x23, 0x46, 0xff,
  0x03, 0x23, 0x46, 0xff, 0x04, 0x23, 0x45, 0xff, 0x04, 0x25, 0x47, 0xff,
  0x04, 0x25, 0x48, 0xff, 0x04, 0x25, 0x48, 0xff, 0x04, 0x25, 0x48, 0xff,
  0x04, 0x25, 0x48, 0xff, 0x04, 0x24, 0x47, 0xff, 0x04, 0x25, 0x48, 0xff,
  0x04, 0x25, 0x48, 0xff, 0x04, 0x25, 0x48, 0xff, 0x04, 0x25, 0x48, 0xff,
  0x04, 0x25, 0x48, 0xff, 0x04, 0x25, 0x48, 0xff, 0x04, 0x25, 0x48, 0xff,
  0x04, 0x24, 0x48, 0xff, 0x04, 0x24, 0x48, 0xff, 0x04, 0x25, 0x48, 0xff,
  0x04, 0x25, 0x48, 0xff, 0x04, 0x25, 0x48, 0xff, 0x04, 0x25, 0x48, 0xff,
  0x04, 0x25, 0x49, 0xff, 0x04, 0x25, 0x49, 0xff, 0x04, 0x24, 0x48, 0xff,
  0x04, 0x24, 0x48, 0xff, 0x04, 0x24, 0x48, 0xff, 0x04, 0x24, 0x48, 0xff,
  0x04, 0x25, 0x48, 0xff, 0x04, 0x24, 0x48, 0xff, 0x04, 0x24, 0x47, 0xff,
  0x04, 0x24, 0x48, 0xff, 0x04, 0x24, 0x48, 0xff, 0x03, 0x22, 0x46, 0xff,
  0x01, 0x1d, 0x42, 0xff, 0x00, 0x1d, 0x42, 0xff, 0x02, 0x20, 0x44, 0xff,
  0x04, 0x24, 0x47, 0xff, 0x04, 0x24, 0x47, 0xff, 0x04, 0x24, 0x48, 0xff,
  0x04, 0x24, 0x48, 0xff, 0x04, 0x24, 0x47, 0xff, 0x04, 0x24, 0x48, 0xff,
  0x04, 0x24, 0x47, 0xff, 0x04, 0x25, 0x48, 0xff, 0x04, 0x24, 0x48, 0xff,
  0x04, 0x24, 0x48, 0xff, 0x04, 0x24, 0x48, 0xff, 0x04, 0x24, 0x48, 0xff,
  0x04, 0x24, 0x48, 0xff, 0x04, 0x25, 0x48, 0xff, 0x04, 0x24, 0x47, 0xff,
  0x04, 0x24, 0x47, 0xff, 0x04, 0x24, 0x47, 0xff, 0x04, 0x24, 0x48, 0xff,
  0x04, 0x25, 0x48, 0xff, 0x04, 0x24, 0x48, 0xff, 0x04, 0x24, 0x47, 0xff,
  0x04, 0x25, 0x47, 0xff, 0x04, 0x24, 0x47, 0xff, 0x04, 0x24, 0x47, 0xff,
  0x04, 0x24, 0x47, 0xff, 0x04, 0x24, 0x47, 0xff, 0x04, 0x25, 0x48, 0xff,
  0x04, 0x24, 0x48, 0xff, 0x04, 0x24, 0x47, 0xff, 0x04, 0x24, 0x46, 0xff,
  0x05, 0x25, 0x48, 0xff, 0x04, 0x25, 0x48, 0xff, 0x04, 0x25, 0x49, 0xff,
  0x04, 0x25, 0x49, 0xff, 0x04, 0x25, 0x49, 0xff, 0x04, 0x25, 0x48, 0xff,
  0x05, 0x25, 0x49, 0xff, 0x04, 0x25, 0x49, 0xff, 0x04, 0x25, 0x49, 0xff,
  0x04, 0x25, 0x49, 0xff, 0x04, 0x25, 0x49, 0xff, 0x04, 0x25, 0x49, 0xff,
  0x04, 0x25, 0x49, 0xff, 0x04, 0x25, 0x49, 0xff, 0x04, 0x25, 0x49, 0xff,
  0x04, 0x25, 0x48, 0xff, 0x04, 0x25, 0x49, 0xff, 0x04, 0x25, 0x49, 0xff,
  0x04, 0x25, 0x49, 0xff, 0x05, 0x25, 0x49, 0xff, 0x05, 0x25, 0x49, 0xff,
  0x04, 0x25, 0x49, 0xff, 0x04, 0x25, 0x48, 0xff, 0x04, 0x25, 0x48, 0xff,
  0x04, 0x25, 0x48, 0xff, 0x04, 0x24, 0x48, 0xff, 0x04, 0x25, 0x48, 0xff,
  0x04, 0x25, 0x48, 0xff, 0x04, 0x24, 0x48, 0xff, 0x01, 0x1e, 0x43, 0xff,
  0x07, 0x2f, 0x4f, 0xff, 0x17, 0x55, 0x6a, 0xff, 0x1e, 0x5d, 0x70, 0xff,
  0x10, 0x3e, 0x5a, 0xff, 0x02, 0x1f, 0x43, 0xff, 0x03, 0x22, 0x46, 0xff,
  0x04, 0x25, 0x48, 0xff, 0x04, 0x25, 0x48, 0xff, 0x05, 0x25, 0x48, 0xff,
  0x04, 0x25, 0x48, 0xff, 0x04, 0x25, 0x49, 0xff, 0x04, 0x25, 0x49, 0xff,
  0x04, 0x25, 0x49, 0xff, 0x04, 0x25, 0x49, 0xff, 0x04, 0x25, 0x49, 0xff,
  0x04, 0x25, 0x49, 0xff, 0x04, 0x25, 0x49, 0xff, 0x04, 0x25, 0x49, 0xff,
  0x04, 0x25, 0x48, 0xff, 0x04, 0x24, 0x48, 0xff, 0x04, 0x25, 0x48, 0xff,
  0x04, 0x25, 0x48, 0xff, 0x04, 0x25, 0x49, 0xff, 0x04, 0x25, 0x49, 0xff,
  0x04, 0x25, 0x48, 0xff, 0x04, 0x25, 0x48, 0xff, 0x04, 0x24, 0x47, 0xff,
  0x04, 0x24, 0x48, 0xff, 0x04, 0x25, 0x48, 0xff, 0x04, 0x25, 0x48, 0xff,
  0x04, 0x25, 0x48, 0xff, 0x04, 0x25, 0x49, 0xff, 0x04, 0x24, 0x48, 0xff,
  0x04, 0x25, 0x47, 0xff, 0x04, 0x26, 0x48, 0xff, 0x05, 0x25, 0x49, 0xff,
  0x05, 0x26, 0x49, 0xff, 0x05, 0x26, 0x4a, 0xff, 0x04, 0x26, 0x4a, 0xff,
  0x05, 0x26, 0x4a, 0xff, 0x05, 0x26, 0x4a, 0xff, 0x04, 0x26, 0x4a, 0xff,
  0x04, 0x25, 0x49, 0xff, 0x04, 0x25, 0x49, 0xff, 0x05, 0x26, 0x49, 0xff,
  0x05, 0x26, 0x49, 0xff, 0x04, 0x26, 0x4a, 0xff, 0x04, 0x26, 0x4a, 0xff,
  0x05, 0x26, 0x4a, 0xff, 0x04, 0x25, 0x49, 0xff, 0x04, 0x25, 0x49, 0xff,
  0x04, 0x25, 0x49, 0xff, 0x04, 0x26, 0x4a, 0xff, 0x04, 0x26, 0x4a, 0xff,
  0x05, 0x26, 0x4a, 0xff, 0x05, 0x26, 0x4a, 0xff, 0x04, 0x26, 0x49, 0xff,
  0x04, 0x25, 0x4a, 0xff, 0x04, 0x25, 0x49, 0xff, 0x05, 0x25, 0x49, 0xff,
  0x04, 0x25, 0x49, 0xff, 0x04, 0x25, 0x48, 0xff, 0x01, 0x1e, 0x43, 0xff,
  0x1c, 0x5d, 0x71, 0xff, 0x64, 0xcc, 0xc6, 0xff, 0x98, 0xef, 0xe5, 0xff,
  0x71, 0xe8, 0xda, 0xff, 0x59, 0xd9, 0xcd, 0xff, 0x36, 0x8d, 0x95, 0xff,
  0x05, 0x27, 0x4a, 0xff, 0x04, 0x24, 0x48, 0xff, 0x04, 0x26, 0x49, 0xff,
  0x04, 0x26, 0x4a, 0xff, 0x04, 0x26, 0x4a, 0xff, 0x04, 0x25, 0x4a, 0xff,
  0x05, 0x26, 0x4a, 0xff, 0x05, 0x26, 0x4a, 0xff, 0x04, 0x26, 0x4a, 0xff,
  0x04, 0x25, 0x49, 0xff, 0x05, 0x26, 0x4a, 0xff, 0x04, 0x26, 0x49, 0xff,
  0x05, 0x26, 0x49, 0xff, 0x04, 0x25, 0x49, 0xff, 0x04, 0x25, 0x49, 0xff,
  0x04, 0x25, 0x49, 0xff, 0x04, 0x25, 0x49, 0xff, 0x04, 0x25, 0x49, 0xff,
  0x05, 0x26, 0x49, 0xff, 0x04, 0x25, 0x49, 0xff, 0x04, 0x25, 0x49, 0xff,
  0x04, 0x25, 0x49, 0xff, 0x04, 0x25, 0x49, 0xff, 0x04, 0x25, 0x49, 0xff,
  0x05, 0x26, 0x49, 0xff, 0x05, 0x26, 0x4a, 0xff, 0x05, 0x25, 0x49, 0xff,
  0x04, 0x25, 0x48, 0xff, 0x05, 0x25, 0x47, 0xff, 0x04, 0x26, 0x49, 0xff,
  0x05, 0x26, 0x4a, 0xff, 0x05, 0x26, 0x4b, 0xff, 0x05, 0x27, 0x4b, 0xff,
  0x04, 0x26, 0x4b, 0xff, 0x05, 0x26, 0x4a, 0xff, 0x05, 0x27, 0x4b, 0xff,
  0x05, 0x27, 0x4b, 0xff, 0x05, 0x26, 0x4a, 0xff, 0x05, 0x26, 0x4a, 0xff,
  0x05, 0x26, 0x4a, 0xff, 0x05, 0x26, 0x4a, 0xff, 0x05, 0x27, 0x4b, 0xff,
  0x05, 0x26, 0x4a, 0xff, 0x05, 0x26, 0x4b, 0xff, 0x05, 0x27, 0x4b, 0xff,
  0x05, 0x26, 0x4a, 0xff, 0x05, 0x26, 0x4a, 0xff, 0x04, 0x26, 0x4a, 0xff,
  0x04, 0x26, 0x4a, 0xff, 0x04, 0x26, 0x4a, 0xff, 0x04, 0x26, 0x4a, 0xff,
  0x05, 0x26, 0x4a, 0xff, 0x05, 0x26, 0x4a, 0xff, 0x05, 0x27, 0x4b, 0xff,
  0x05, 0x27, 0x4a, 0xff, 0x05, 0x26, 0x4a, 0xff, 0x02, 0x20, 0x45, 0xff,
  0x14, 0x4c, 0x64, 0xff, 0x78, 0xe0, 0xd6, 0xff, 0xae, 0xf3, 0xeb, 0xff,
  0x7b, 0xe5, 0xd9, 0xff, 0x62, 0xe0, 0xd3, 0xff, 0x5e, 0xe1, 0xd3, 0xff,
  0x63, 0xeb, 0xdb, 0xff, 0x33, 0x88, 0x91, 0xff, 0x02, 0x1f, 0x45, 0xff,
  0x05, 0x26, 0x4a, 0xff, 0x05, 0x27, 0x4b, 0xff, 0x05, 0x27, 0x4b, 0xff,
  0x05, 0x26, 0x4a, 0xff, 0x05, 0x26, 0x4b, 0xff, 0x05, 0x26, 0x4b, 0xff,
  0x05, 0x26, 0x4a, 0xff, 0x05, 0x26, 0x4a, 0xff, 0x05, 0x26, 0x4a, 0xff,
  0x05, 0x26, 0x4a, 0xff, 0x05, 0x26, 0x4a, 0xff, 0x05, 0x26, 0x4a, 0xff,
  0x04, 0x26, 0x4a, 0xff, 0x04, 0x26, 0x4a, 0xff, 0x04, 0x26, 0x4a, 0xff,
  0x04, 0x26, 0x4a, 0xff, 0x05, 0x26, 0x49, 0xff, 0x05, 0x26, 0x4a, 0xff,
  0x05, 0x26, 0x49, 0xff, 0x05, 0x26, 0x49, 0xff, 0x05, 0x26, 0x49, 0xff,
  0x05, 0x25, 0x49, 0xff, 0x05, 0x26, 0x4a, 0xff, 0x05, 0x26, 0x4a, 0xff,
  0x05, 0x26, 0x4a, 0xff, 0x05, 0x26, 0x49, 0xff, 0x05, 0x26, 0x48, 0xff,
  0x04, 0x26, 0x4a, 0xff, 0x05, 0x26, 0x4b, 0xff, 0x05, 0x27, 0x4b, 0xff,
  0x05, 0x27, 0x4b, 0xff, 0x05, 0x27, 0x4b, 0xff, 0x05, 0x27, 0x4b, 0xff,
  0x05, 0x27, 0x4b, 0xff, 0x05, 0x27, 0x4c, 0xff, 0x05, 0x27, 0x4b, 0xff,
  0x05, 0x27, 0x4b, 0xff, 0x05, 0x27, 0x4b, 0xff, 0x05, 0x27, 0x4b, 0xff,
  0x05, 0x26, 0x4b, 0xff, 0x05, 0x26, 0x4b, 0xff, 0x05, 0x26, 0x4b, 0xff,
  0x05, 0x27, 0x4b, 0xff, 0x05, 0x27, 0x4b, 0xff, 0x05, 0x26, 0x4b, 0xff,
  0x05, 0x26, 0x4b, 0xff, 0x05, 0x27, 0x4b, 0xff, 0x05, 0x27, 0x4b, 0xff,
  0x05, 0x26, 0x4b, 0xff, 0x05, 0x26, 0x4b, 0xff, 0x05, 0x27, 0x4b, 0xff,
  0x05, 0x27, 0x4c, 0xff, 0x05, 0x26, 0x4b, 0xff, 0x04, 0x25, 0x49, 0xff,
  0x01, 0x1f, 0x44, 0xff, 0x3f, 0x9f, 0xa2, 0xff, 0xa4, 0xf4, 0xea, 0xff,
  0x66, 0xe0, 0xd4, 0xff, 0x59, 0xde, 0xd0, 0xff, 0x5e, 0xdf, 0xd2, 0xff,
  0x5e, 0xdf, 0xd2, 0xff, 0x60, 0xe2, 0xd4, 0xff, 0x58, 0xd4, 0xca, 0xff,
  0x0d, 0x37, 0x56, 0xff, 0x04, 0x24, 0x48, 0xff, 0x05, 0x27, 0x4b, 0xff,
  0x05, 0x27, 0x4b, 0xff, 0x05, 0x26, 0x4b, 0xff, 0x05, 0x27, 0x4b, 0xff,
  0x05, 0x27, 0x4b, 0xff, 0x05, 0x26, 0x4b, 0xff, 0x05, 0x26, 0x4b, 0xff,
  0x05, 0x26, 0x4b, 0xff, 0x05, 0x26, 0x4b, 0xff, 0x05, 0x26, 0x4b, 0xff,
  0x05, 0x27, 0x4b, 0xff, 0x05, 0x26, 0x4b, 0xff, 0x05, 0x26, 0x4a, 0xff,
  0x05, 0x26, 0x4b, 0xff, 0x04, 0x26, 0x4a, 0xff, 0x05, 0x26, 0x4a, 0xff,
  0x05, 0x26, 0x4a, 0xff, 0x04, 0x24, 0x48, 0xff, 0x02, 0x20, 0x44, 0xff,
  0x05, 0x24, 0x48, 0xff, 0x05, 0x26, 0x4a, 0xff, 0x05, 0x26, 0x4a, 0xff,
  0x05, 0x26, 0x4a, 0xff, 0x05, 0x26, 0x4a, 0xff, 0x05, 0x26, 0x4a, 0xff,
  0x05, 0x26, 0x49, 0xff, 0x05, 0x28, 0x4c, 0xff, 0x05, 0x27, 0x4c, 0xff,
  0x05, 0x27, 0x4c, 0xff, 0x05, 0x27, 0x4c, 0xff, 0x05, 0x27, 0x4c, 0xff,
  0x05, 0x27, 0x4c, 0xff, 0x05, 0x28, 0x4c, 0xff, 0x05, 0x28, 0x4d, 0xff,
  0x05, 0x27, 0x4c, 0xff, 0x05, 0x27, 0x4c, 0xff, 0x05, 0x28, 0x4c, 0xff,
  0x05, 0x27, 0x4c, 0xff, 0x05, 0x27, 0x4c, 0xff, 0x05, 0x27, 0x4c, 0xff,
  0x05, 0x27, 0x4c, 0xff, 0x05, 0x27, 0x4c, 0xff, 0x05, 0x27, 0x4c, 0xff,
  0x05, 0x27, 0x4c, 0xff, 0x05, 0x27, 0x4c, 0xff, 0x05, 0x27, 0x4c, 0xff,
  0x05, 0x27, 0x4c, 0xff, 0x05, 0x27, 0x4c, 0xff, 0x05, 0x27, 0x4c, 0xff,
  0x04, 0x27, 0x4c, 0xff, 0x05, 0x27, 0x4c, 0xff, 0x05, 0x27, 0x4c, 0xff,
  0x04, 0x25, 0x4a, 0xff, 0x05, 0x26, 0x49, 0xff, 0x4e, 0xbc, 0xb8, 0xff,
  0x65, 0xe4, 0xd6, 0xff, 0x5d, 0xde, 0xd1, 0xff, 0x5f, 0xdf, 0xd2, 0xff,
  0x5e, 0xdf, 0xd2, 0xff, 0x5f, 0xdf, 0xd2, 0xff, 0x5f, 0xe0, 0xd2, 0xff,
  0x5e, 0xe2, 0xd4, 0xff, 0x18, 0x50, 0x69, 0xff, 0x02, 0x21, 0x47, 0xff,
  0x05, 0x27, 0x4b, 0xff, 0x05, 0x27, 0x4c, 0xff, 0x05, 0x27, 0x4c, 0xff,
  0x05, 0x27, 0x4c, 0xff, 0x05, 0x27, 0x4c, 0xff, 0x05, 0x27, 0x4c, 0xff,
  0x05, 0x27, 0x4c, 0xff, 0x05, 0x27, 0x4c, 0xff, 0x05, 0x27, 0x4c, 0xff,
  0x05, 0x27, 0x4c, 0xff, 0x05, 0x28, 0x4d, 0xff, 0x05, 0x28, 0x4d, 0xff,
  0x05, 0x27, 0x4c, 0xff, 0x05, 0x27, 0x4b, 0xff, 0x05, 0x27, 0x4c, 0xff,
  0x05, 0x27, 0x4b, 0xff, 0x04, 0x24, 0x48, 0xff, 0x03, 0x2a, 0x4b, 0xff,
  0x1b, 0x5b, 0x6d, 0xff, 0x02, 0x25, 0x48, 0xff, 0x05, 0x25, 0x49, 0xff,
  0x05, 0x27, 0x4b, 0xff, 0x05, 0x27, 0x4c, 0xff, 0x05, 0x27, 0x4b, 0xff,
  0x05, 0x27, 0x4b, 0xff, 0x05, 0x27, 0x4a, 0xff, 0x06, 0x2a, 0x4e, 0xff,
  0x06, 0x28, 0x4d, 0xff, 0x05, 0x28, 0x4d, 0xff, 0x05, 0x28, 0x4d, 0xff,
  0x05, 0x28, 0x4c, 0xff, 0x05, 0x28, 0x4c, 0xff, 0x05, 0x28, 0x4d, 0xff,
  0x05, 0x28, 0x4d, 0xff, 0x05, 0x28, 0x4c, 0xff, 0x05, 0x28, 0x4d, 0xff,
  0x06, 0x28, 0x4d, 0xff, 0x05, 0x28, 0x4d, 0xff, 0x06, 0x28, 0x4d, 0xff,
  0x05, 0x28, 0x4d, 0xff, 0x05, 0x28, 0x4d, 0xff, 0x06, 0x28, 0x4d, 0xff,
  0x05, 0x28, 0x4d, 0xff, 0x05, 0x28, 0x4d, 0xff, 0x05, 0x28, 0x4d, 0xff,
  0x05, 0x28, 0x4e, 0xff, 0x05, 0x28, 0x4d, 0xff, 0x05, 0x28, 0x4d, 0xff,
  0x05, 0x28, 0x4d, 0xff, 0x05, 0x28, 0x4d, 0xff, 0x05, 0x28, 0x4d, 0xff,
  0x05, 0x28, 0x4d, 0xff, 0x05, 0x27, 0x4b, 0xff, 0x03, 0x23, 0x47, 0xff,
  0x46, 0xad, 0xad, 0xff, 0x61, 0xe4, 0xd5, 0xff, 0x5f, 0xdf, 0xd2, 0xff,
  0x5f, 0xdf, 0xd2, 0xff, 0x5f, 0xdf, 0xd2, 0xff, 0x5f, 0xdf, 0xd2, 0xff,
  0x5f, 0xe0, 0xd3, 0xff, 0x5b, 0xdc, 0xd0, 0xff, 0x13, 0x46, 0x63, 0xff,
  0x04, 0x23, 0x49, 0xff, 0x05, 0x28, 0x4c, 0xff, 0x05, 0x27, 0x4c, 0xff,
  0x05, 0x27, 0x4c, 0xff, 0x05, 0x28, 0x4d, 0xff, 0x06, 0x28, 0x4d, 0xff,
  0x06, 0x28, 0x4d, 0xff, 0x05, 0x28, 0x4d, 0xff, 0x05, 0x28, 0x4d, 0xff,
  0x05, 0x28, 0x4d, 0xff, 0x05, 0x28, 0x4d, 0xff, 0x05, 0x28, 0x4d, 0xff,
  0x05, 0x28, 0x4e, 0xff, 0x05, 0x28, 0x4d, 0xff, 0x05, 0x28, 0x4c, 0xff,
  0x05, 0x27, 0x4c, 0xff, 0x05, 0x25, 0x4a, 0xff, 0x00, 0x25, 0x47, 0xff,
  0x56, 0x94, 0x9d, 0xff, 0xcf, 0xf1, 0xed, 0xff, 0x3d, 0x80, 0x8b, 0xff,
  0x00, 0x22, 0x47, 0xff, 0x05, 0x26, 0x4b, 0xff, 0x05, 0x27, 0x4c, 0xff,
  0x05, 0x27, 0x4c, 0xff, 0x05, 0x27, 0x4c, 0xff, 0x06, 0x28, 0x4b, 0xff,
  0x06, 0x2a, 0x4e, 0xff, 0x06, 0x29, 0x4e, 0xff, 0x06, 0x29, 0x4e, 0xff,
  0x06, 0x28, 0x4d, 0xff, 0x06, 0x28, 0x4d, 0xff, 0x05, 0x28, 0x4d, 0xff,
  0x06, 0x28, 0x4e, 0xff, 0x06, 0x28, 0x4e, 0xff, 0x06, 0x28, 0x4e, 0xff,
  0x06, 0x29, 0x4e, 0xff, 0x06, 0x29, 0x4e, 0xff, 0x06, 0x29, 0x4e, 0xff,
  0x06, 0x29, 0x4e, 0xff, 0x06, 0x29, 0x4e, 0xff, 0x06, 0x28, 0x4e, 0xff,
  0x06, 0x29, 0x4e, 0xff, 0x06, 0x29, 0x4e, 0xff, 0x06, 0x29, 0x4e, 0xff,
  0x06, 0x29, 0x4e, 0xff, 0x06, 0x29, 0x4f, 0xff, 0x06, 0x29, 0x4f, 0xff,
  0x06, 0x29, 0x4f, 0xff, 0x05, 0x28, 0x4e, 0xff, 0x05, 0x29, 0x4e, 0xff,
  0x05, 0x28, 0x4e, 0xff, 0x06, 0x28, 0x4d, 0xff, 0x04, 0x24, 0x49, 0xff,
  0x01, 0x1f, 0x45, 0xff, 0x3b, 0x99, 0xa3, 0xff, 0x63, 0xe9, 0xda, 0xff,
  0x5f, 0xdf, 0xd2, 0xff, 0x5f, 0xdf, 0xd2, 0xff, 0x5f, 0xdf, 0xd2, 0xff,
  0x5f, 0xdf, 0xd2, 0xff, 0x61, 0xe6, 0xd7, 0xff, 0x51, 0xc9, 0xc4, 0xff,
  0x07, 0x2d, 0x51, 0xff, 0x03, 0x22, 0x48, 0xff, 0x05, 0x28, 0x4d, 0xff,
  0x05, 0x28, 0x4d, 0xff, 0x05, 0x28, 0x4d, 0xff, 0x06, 0x28, 0x4d, 0xff,
  0x06, 0x28, 0x4e, 0xff, 0x06, 0x28, 0x4e, 0xff, 0x06, 0x29, 0x4e, 0xff,
  0x06, 0x29, 0x4e, 0xff, 0x06, 0x29, 0x4e, 0xff, 0x06, 0x29, 0x4e, 0xff,
  0x05, 0x29, 0x4e, 0xff, 0x05, 0x29, 0x4e, 0xff, 0x05, 0x28, 0x4e, 0xff,
  0x05, 0x28, 0x4d, 0xff, 0x05, 0x26, 0x4b, 0xff, 0x00, 0x24, 0x48, 0xff,
  0x50, 0x90, 0x9a, 0xff, 0xef, 0xfc, 0xfa, 0xff, 0xff, 0xff, 0xff, 0xff,
  0xe4, 0xf8, 0xf5, 0xff, 0x3b, 0x7f, 0x8c, 0xff, 0x02, 0x24, 0x49, 0xff,
  0x05, 0x28, 0x4d, 0xff, 0x06, 0x28, 0x4d, 0xff, 0x06, 0x28, 0x4d, 0xff,
  0x06, 0x28, 0x4c, 0xff, 0x06, 0x2a, 0x4f, 0xff, 0x06, 0x2a, 0x4f, 0xff,
  0x06, 0x2a, 0x4f, 0xff, 0x06, 0x29, 0x4e, 0xff, 0x06, 0x29, 0x4e, 0xff,
  0x06, 0x29, 0x4e, 0xff, 0x06, 0x29, 0x4f, 0xff, 0x06, 0x29, 0x4e, 0xff,
  0x06, 0x2a, 0x4f, 0xff, 0x06, 0x2a, 0x4f, 0xff, 0x06, 0x29, 0x4f, 0xff,
  0x06, 0x2a, 0x4f, 0xff, 0x06, 0x2a, 0x4f, 0xff, 0x06, 0x2a, 0x4f, 0xff,
  0x06, 0x29, 0x4f, 0xff, 0x06, 0x29, 0x4f, 0xff, 0x06, 0x29, 0x4f, 0xff,
  0x06, 0x2a, 0x4f, 0xff, 0x06, 0x2a, 0x4f, 0xff, 0x06, 0x2a, 0x4f, 0xff,
  0x06, 0x2a, 0x4f, 0xff, 0x06, 0x29, 0x4f, 0xff, 0x06, 0x29, 0x4e, 0xff,
  0x05, 0x29, 0x4e, 0xff, 0x05, 0x28, 0x4d, 0xff, 0x02, 0x21, 0x47, 0xff,
  0x0f, 0x3f, 0x5f, 0xff, 0x30, 0x8f, 0xa2, 0xff, 0x24, 0x72, 0x8a, 0xff,
  0x3f, 0xa0, 0xa4, 0xff, 0x61, 0xe8, 0xd8, 0xff, 0x61, 0xe6, 0xd7, 0xff,
  0x61, 0xe5, 0xd6, 0xff, 0x63, 0xe9, 0xd9, 0xff, 0x52, 0xc8, 0xc0, 0xff,
  0x29, 0x79, 0x8b, 0xff, 0x33, 0x92, 0xa4, 0xff, 0x13, 0x49, 0x67, 0xff,
  0x02, 0x20, 0x46, 0xff, 0x05, 0x28, 0x4d, 0xff, 0x06, 0x29, 0x4e, 0xff,
  0x06, 0x29, 0x4e, 0xff, 0x06, 0x29, 0x4e, 0xff, 0x06, 0x29, 0x4f, 0xff,
  0x06, 0x29, 0x4f, 0xff, 0x06, 0x29, 0x4f, 0xff, 0x06, 0x2a, 0x4f, 0xff,
  0x06, 0x29, 0x4f, 0xff, 0x06, 0x29, 0x4f, 0xff, 0x06, 0x2a, 0x4f, 0xff,
  0x06, 0x29, 0x4e, 0xff, 0x06, 0x27, 0x4c, 0xff, 0x00, 0x25, 0x49, 0xff,
  0x4c, 0x8c, 0x96, 0xff, 0xee, 0xfc, 0xfa, 0xff, 0xff, 0xff, 0xff, 0xff,
  0xff, 0xff, 0xff, 0xff, 0xdd, 0xf4, 0xf2, 0xff, 0x33, 0x75, 0x85, 0xff,
  0x02, 0x25, 0x4b, 0xff, 0x06, 0x29, 0x4e, 0xff, 0x06, 0x2a, 0x4e, 0xff,
  0x06, 0x29, 0x4e, 0xff, 0x06, 0x29, 0x4d, 0xff, 0x05, 0x2a, 0x4f, 0xff,
  0x06, 0x2a, 0x50, 0xff, 0x06, 0x2a, 0x50, 0xff, 0x06, 0x29, 0x4f, 0xff,
  0x06, 0x2a, 0x4f, 0xff, 0x06, 0x2a, 0x4f, 0xff, 0x06, 0x2a, 0x4f, 0xff,
  0x06, 0x2a, 0x4f, 0xff, 0x06, 0x2a, 0x4f, 0xff, 0x06, 0x2a, 0x4f, 0xff,
  0x06, 0x2a, 0x4f, 0xff, 0x06, 0x29, 0x4f, 0xff, 0x06, 0x2a, 0x4f, 0xff,
  0x06, 0x2a, 0x50, 0xff, 0x06, 0x2a, 0x50, 0xff, 0x06, 0x29, 0x4f, 0xff,
  0x06, 0x29, 0x4f, 0xff, 0x06, 0x2a, 0x50, 0xff, 0x06, 0x2a, 0x50, 0xff,
  0x06, 0x2a, 0x50, 0xff, 0x06, 0x2a, 0x50, 0xff, 0x06, 0x29, 0x4f, 0xff,
  0x06, 0x29, 0x4f, 0xff, 0x03, 0x24, 0x4b, 0xff, 0x05, 0x27, 0x4c, 0xff,
  0x23, 0x6d, 0x86, 0xff, 0x33, 0x96, 0xa8, 0xff, 0x13, 0x49, 0x69, 0xff,
  0x02, 0x20, 0x47, 0xff, 0x07, 0x2b, 0x50, 0xff, 0x27, 0x70, 0x82, 0xff,
  0x43, 0xa9, 0xab, 0xff, 0x46, 0xb1, 0xb0, 0xff, 0x34, 0x8b, 0x95, 0xff,
  0x10, 0x3e, 0x5d, 0xff, 0x01, 0x1e, 0x46, 0xff, 0x0e, 0x3d, 0x5f, 0xff,
  0x30, 0x8d, 0xa0, 0xff, 0x26, 0x77, 0x8e, 0xff, 0x07, 0x2c, 0x51, 0xff,
  0x04, 0x23, 0x4a, 0xff, 0x06, 0x29, 0x4e, 0xff, 0x06, 0x29, 0x4f, 0xff,
  0x06, 0x2a, 0x4f, 0xff, 0x06, 0x29, 0x4f, 0xff, 0x05, 0x27, 0x4d, 0xff,
  0x05, 0x26, 0x4c, 0xff, 0x06, 0x29, 0x4e, 0xff, 0x06, 0x29, 0x4f, 0xff,
  0x06, 0x29, 0x4f, 0xff, 0x05, 0x27, 0x4d, 0xff, 0x00, 0x25, 0x49, 0xff,
  0x48, 0x89, 0x94, 0xff, 0xec, 0xfb, 0xf9, 0xff, 0xff, 0xff, 0xff, 0xff,
  0xff, 0xff, 0xff, 0xff, 0xdd, 0xf4, 0xf2, 0xff, 0x32, 0x73, 0x84, 0xff,
  0x00, 0x22, 0x49, 0xff, 0x05, 0x28, 0x4e, 0xff, 0x06, 0x29, 0x4f, 0xff,
  0x06, 0x2a, 0x4f, 0xff, 0x06, 0x29, 0x4e, 0xff, 0x06, 0x29, 0x4d, 0xff,
  0x05, 0x2a, 0x50, 0xff, 0x06, 0x2a, 0x51, 0xff, 0x06, 0x2a, 0x50, 0xff,
  0x05, 0x29, 0x50, 0xff, 0x06, 0x2a, 0x50, 0xff, 0x06, 0x2a, 0x50, 0xff,
  0x06, 0x2a, 0x50, 0xff, 0x06, 0x2a, 0x50, 0xff, 0x06, 0x2a, 0x51, 0xff,
  0x06, 0x2a, 0x51, 0xff, 0x06, 0x2a, 0x50, 0xff, 0x06, 0x2a, 0x51, 0xff,
  0x06, 0x2a, 0x50, 0xff, 0x06, 0x2a, 0x51, 0xff, 0x06, 0x2b, 0x51, 0xff,
  0x06, 0x2a, 0x51, 0xff, 0x06, 0x2b, 0x51, 0xff, 0x06, 0x2b, 0x52, 0xff,
  0x06, 0x2b, 0x51, 0xff, 0x06, 0x2a, 0x51, 0xff, 0x06, 0x2a, 0x51, 0xff,
  0x05, 0x28, 0x4f, 0xff, 0x02, 0x21, 0x48, 0xff, 0x11, 0x44, 0x64, 0xff,
  0x33, 0x94, 0xa7, 0xff, 0x23, 0x73, 0x8b, 0xff, 0x05, 0x29, 0x50, 0xff,
  0x04, 0x25, 0x4b, 0xff, 0x05, 0x2a, 0x4f, 0xff, 0x05, 0x28, 0x4e, 0xff,
  0x02, 0x23, 0x4a, 0xff, 0x04, 0x24, 0x4b, 0xff, 0x03, 0x26, 0x4c, 0xff,
  0x02, 0x22, 0x4a, 0xff, 0x05, 0x27, 0x4e, 0xff, 0x06, 0x2a, 0x50, 0xff,
  0x04, 0x26, 0x4d, 0xff, 0x03, 0x24, 0x4b, 0xff, 0x1e, 0x64, 0x7f, 0xff,
  0x34, 0x98, 0xa9, 0xff, 0x16, 0x50, 0x6e, 0xff, 0x02, 0x22, 0x48, 0xff,
  0x05, 0x28, 0x4e, 0xff, 0x06, 0x2a, 0x50, 0xff, 0x04, 0x25, 0x4c, 0xff,
  0x05, 0x34, 0x54, 0xff, 0x06, 0x35, 0x55, 0xff, 0x04, 0x25, 0x4b, 0xff,
  0x06, 0x29, 0x4f, 0xff, 0x05, 0x28, 0x4e, 0xff, 0x00, 0x25, 0x4a, 0xff,
  0x45, 0x87, 0x93, 0xff, 0xe9, 0xfa, 0xf8, 0xff, 0xff, 0xff, 0xff, 0xff,
  0xff, 0xff, 0xff, 0xff, 0xdf, 0xf5, 0xf3, 0xff, 0x35, 0x76, 0x87, 0xff,
  0x00, 0x23, 0x4a, 0xff, 0x06, 0x29, 0x4f, 0xff, 0x06, 0x2a, 0x50, 0xff,
  0x06, 0x2a, 0x50, 0xff, 0x06, 0x2a, 0x50, 0xff, 0x06, 0x2a, 0x50, 0xff,
  0x06, 0x29, 0x4e, 0xff, 0x05, 0x2b, 0x50, 0xff, 0x06, 0x2b, 0x51, 0xff,
  0x06, 0x2a, 0x51, 0xff, 0x06, 0x2a, 0x51, 0xff, 0x06, 0x2a, 0x51, 0xff,
  0x06, 0x2b, 0x51, 0xff, 0x06, 0x2b, 0x51, 0xff, 0x06, 0x2b, 0x52, 0xff,
  0x06, 0x2b, 0x51, 0xff, 0x06, 0x2b, 0x52, 0xff, 0x06, 0x2b, 0x52, 0xff,
  0x06, 0x2b, 0x51, 0xff, 0x06, 0x2a, 0x51, 0xff, 0x06, 0x2a, 0x51, 0xff,
  0x06, 0x2b, 0x51, 0xff, 0x06, 0x2b, 0x52, 0xff, 0x07, 0x2b, 0x52, 0xff,
  0x07, 0x2b, 0x52, 0xff, 0x07, 0x2b, 0x51, 0xff, 0x06, 0x2b, 0x51, 0xff,
  0x04, 0x25, 0x4c, 0xff, 0x06, 0x2a, 0x50, 0xff, 0x25, 0x73, 0x8c, 0xff,
  0x32, 0x93, 0xa6, 0xff, 0x11, 0x45, 0x67, 0xff, 0x03, 0x23, 0x4a, 0xff,
  0x06, 0x2a, 0x50, 0xff, 0x06, 0x2a, 0x50, 0xff, 0x06, 0x2a, 0x50, 0xff,
  0x06, 0x2b, 0x51, 0xff, 0x06, 0x2b, 0x51, 0xff, 0x06, 0x2a, 0x51, 0xff,
  0x06, 0x2a, 0x50, 0xff, 0x06, 0x2a, 0x51, 0xff, 0x06, 0x2a, 0x51, 0xff,
  0x06, 0x2a, 0x51, 0xff, 0x06, 0x2a, 0x51, 0xff, 0x06, 0x2a, 0x50, 0xff,
  0x03, 0x23, 0x4a, 0xff, 0x0d, 0x39, 0x5c, 0xff, 0x2e, 0x8a, 0x9e, 0xff,
  0x29, 0x7f, 0x95, 0xff, 0x09, 0x31, 0x56, 0xff, 0x03, 0x21, 0x48, 0xff,
  0x02, 0x31, 0x52, 0xff, 0x76, 0xb3, 0xb7, 0xff, 0x7d, 0xbb, 0xbd, 0xff,
  0x03, 0x35, 0x54, 0xff, 0x04, 0x23, 0x4b, 0xff, 0x00, 0x25, 0x4a, 0xff,
  0x40, 0x83, 0x90, 0xff, 0xe7, 0xf9, 0xf7, 0xff, 0xff, 0xff, 0xff, 0xff,
  0xff, 0xff, 0xff, 0xff, 0xe0, 0xf5, 0xf3, 0xff, 0x37, 0x79, 0x89, 0xff,
  0x00, 0x24, 0x4b, 0xff, 0x06, 0x2a, 0x50, 0xff, 0x07, 0x2b, 0x51, 0xff,
  0x06, 0x2b, 0x51, 0xff, 0x06, 0x2b, 0x52, 0xff, 0x07, 0x2b, 0x52, 0xff,
  0x07, 0x2b, 0x51, 0xff, 0x07, 0x2b, 0x50, 0xff, 0x05, 0x2b, 0x51, 0xff,
  0x06, 0x2b, 0x52, 0xff, 0x07, 0x2b, 0x52, 0xff, 0x07, 0x2b, 0x52, 0xff,
  0x06, 0x2b, 0x52, 0xff, 0x06, 0x2c, 0x53, 0xff, 0x06, 0x2c, 0x53, 0xff,
  0x07, 0x2c, 0x53, 0xff, 0x07, 0x2c, 0x53, 0xff, 0x06, 0x2b, 0x52, 0xff,
  0x06, 0x2a, 0x51, 0xff, 0x03, 0x23, 0x4c, 0xff, 0x03, 0x26, 0x4d, 0xff,
  0x05, 0x2a, 0x50, 0xff, 0x03, 0x24, 0x4c, 0xff, 0x04, 0x26, 0x4e, 0xff,
  0x06, 0x2b, 0x52, 0xff, 0x06, 0x2b, 0x52, 0xff, 0x06, 0x2a, 0x50, 0xff,
  0x03, 0x23, 0x4a, 0xff, 0x14, 0x4b, 0x6b, 0xff, 0x33, 0x97, 0xa9, 0xff,
  0x21, 0x6d, 0x88, 0xff, 0x05, 0x29, 0x50, 0xff, 0x04, 0x27, 0x4f, 0xff,
  0x06, 0x2b, 0x52, 0xff, 0x06, 0x2b, 0x52, 0xff, 0x06, 0x2a, 0x51, 0xff,
  0x06, 0x2a, 0x51, 0xff, 0x06, 0x2b, 0x52, 0xff, 0x06, 0x2b, 0x52, 0xff,
  0x06, 0x2b, 0x52, 0xff, 0x06, 0x2b, 0x52, 0xff, 0x06, 0x2b, 0x51, 0xff,
  0x06, 0x2a, 0x51, 0xff, 0x06, 0x2b, 0x51, 0xff, 0x06, 0x2b, 0x51, 0xff,
  0x06, 0x2b, 0x52, 0xff, 0x07, 0x2b, 0x52, 0xff, 0x05, 0x28, 0x4f, 0xff,
  0x04, 0x24, 0x4b, 0xff, 0x1d, 0x5e, 0x7b, 0xff, 0x36, 0x98, 0xaa, 0xff,
  0x1b, 0x5f, 0x78, 0xff, 0x73, 0xad, 0xb2, 0xff, 0xfc, 0xff, 0xff, 0xff,
  0xff, 0xff, 0xff, 0xff, 0x79, 0xb6, 0xb9, 0xff, 0x03, 0x3e, 0x5a, 0xff,
  0x3f, 0x82, 0x8e, 0xff, 0xe5, 0xf8, 0xf5, 0xff, 0xff, 0xff, 0xff, 0xff,
  0xff, 0xff, 0xff, 0xff, 0xe2, 0xf6, 0xf4, 0xff, 0x39, 0x7b, 0x8b, 0xff,
  0x00, 0x24, 0x4c, 0xff, 0x06, 0x2a, 0x51, 0xff, 0x07, 0x2b, 0x52, 0xff,
  0x07, 0x2c, 0x53, 0xff, 0x07, 0x2c, 0x52, 0xff, 0x06, 0x2b, 0x52, 0xff,
  0x07, 0x2b, 0x52, 0xff, 0x07, 0x2b, 0x51, 0xff, 0x07, 0x2b, 0x50, 0xff,
  0x06, 0x2b, 0x51, 0xff, 0x06, 0x2b, 0x53, 0xff, 0x07, 0x2c, 0x53, 0xff,
  0x07, 0x2c, 0x53, 0xff, 0x06, 0x2b, 0x53, 0xff, 0x06, 0x2c, 0x53, 0xff,
  0x06, 0x2c, 0x53, 0xff, 0x06, 0x2c, 0x53, 0xff, 0x06, 0x2c, 0x53, 0xff,
  0x05, 0x29, 0x51, 0xff, 0x05, 0x2a, 0x50, 0xff, 0x24, 0x6e, 0x80, 0xff,
  0x57, 0xb1, 0xb3, 0xff, 0x57, 0xbc, 0xba, 0xff, 0x3e, 0xa0, 0xa4, 0xff,
  0x1a, 0x54, 0x6e, 0xff, 0x03, 0x25, 0x4d, 0xff, 0x04, 0x26, 0x4d, 0xff,
  0x08, 0x2f, 0x54, 0xff, 0x29, 0x7b, 0x93, 0xff, 0x31, 0x90, 0xa4, 0xff,
  0x0f, 0x41, 0x65, 0xff, 0x03, 0x24, 0x4d, 0xff, 0x06, 0x2b, 0x53, 0xff,
  0x06, 0x2c, 0x53, 0xff, 0x06, 0x2c, 0x53, 0xff, 0x06, 0x2c, 0x53, 0xff,
  0x06, 0x2b, 0x52, 0xff, 0x06, 0x2b, 0x52, 0xff, 0x06, 0x2c, 0x52, 0xff,
  0x06, 0x2c, 0x53, 0xff, 0x06, 0x2c, 0x53, 0xff, 0x07, 0x2c, 0x53, 0xff,
  0x06, 0x2b, 0x52, 0xff, 0x06, 0x2b, 0x52, 0xff, 0x07, 0x2b, 0x52, 0xff,
  0x06, 0x2c, 0x53, 0xff, 0x06, 0x2b, 0x52, 0xff, 0x06, 0x2b, 0x52, 0xff,
  0x06, 0x2b, 0x52, 0xff, 0x06, 0x2b, 0x52, 0xff, 0x03, 0x24, 0x4b, 0xff,
  0x0b, 0x36, 0x5b, 0xff, 0x24, 0x79, 0x8a, 0xff, 0xc0, 0xe6, 0xe4, 0xff,
  0xff, 0xff, 0xff, 0xff, 0xff, 0xfe, 0xfe, 0xff, 0xfc, 0xff, 0xff, 0xff,
  0x97, 0xd6, 0xd2, 0xff, 0xe0, 0xf4, 0xf2, 0xff, 0xff, 0xff, 0xff, 0xff,
  0xff, 0xff, 0xff, 0xff, 0xe3, 0xf6, 0xf5, 0xff, 0x3c, 0x7e, 0x8e, 0xff,
  0x00, 0x25, 0x4d, 0xff, 0x06, 0x2a, 0x51, 0xff, 0x06, 0x2c, 0x52, 0xff,
  0x07, 0x2c, 0x53, 0xff, 0x07, 0x2c, 0x53, 0xff, 0x07, 0x2c, 0x53, 0xff,
  0x06, 0x2c, 0x53, 0xff, 0x06, 0x2b, 0x52, 0xff, 0x07, 0x2b, 0x52, 0xff,
  0x07, 0x2c, 0x51, 0xff, 0x06, 0x2c, 0x52, 0xff, 0x07, 0x2c, 0x53, 0xff,
  0x07, 0x2c, 0x53, 0xff, 0x07, 0x2d, 0x53, 0xff, 0x06, 0x2c, 0x53, 0xff,
  0x06, 0x2c, 0x53, 0xff, 0x07, 0x2c, 0x53, 0xff, 0x07, 0x2c, 0x53, 0xff,
  0x06, 0x2b, 0x53, 0xff, 0x05, 0x2a, 0x51, 0xff, 0x3e, 0x98, 0xa0, 0xff,
  0xa2, 0xf3, 0xe9, 0xff, 0xa4, 0xf1, 0xe8, 0xff, 0x76, 0xe7, 0xda, 0xff,
  0x61, 0xe7, 0xd7, 0xff, 0x5d, 0xde, 0xd1, 0xff, 0x24, 0x68, 0x7d, 0xff,
  0x14, 0x4d, 0x6e, 0xff, 0x34, 0x99, 0xac, 0xff, 0x1f, 0x68, 0x84, 0xff,
  0x04, 0x28, 0x50, 0xff, 0x05, 0x29, 0x51, 0xff, 0x06, 0x2c, 0x53, 0xff,
  0x06, 0x2c, 0x53, 0xff, 0x07, 0x2c, 0x53, 0xff, 0x06, 0x2c, 0x53, 0xff,
  0x06, 0x2c, 0x54, 0xff, 0x06, 0x2c, 0x53, 0xff, 0x07, 0x2c, 0x53, 0xff,
  0x07, 0x2c, 0x54, 0xff, 0x07, 0x2c, 0x53, 0xff, 0x06, 0x2c, 0x54, 0xff,
  0x07, 0x2d, 0x54, 0xff, 0x07, 0x2c, 0x53, 0xff, 0x06, 0x2b, 0x52, 0xff,
  0x06, 0x2c, 0x53, 0xff, 0x07, 0x2c, 0x53, 0xff, 0x06, 0x2c, 0x53, 0xff,
  0x06, 0x2c, 0x53, 0xff, 0x06, 0x2c, 0x53, 0xff, 0x06, 0x2c, 0x53, 0xff,
  0x06, 0x2c, 0x53, 0xff, 0x06, 0x29, 0x50, 0xff, 0x00, 0x22, 0x4a, 0xff,
  0x26, 0x6b, 0x7e, 0xff, 0xc4, 0xea, 0xe7, 0xff, 0xff, 0xff, 0xff, 0xff,
  0xff, 0xfe, 0xfe, 0xff, 0xff, 0xff, 0xff, 0xff, 0xff, 0xff, 0xff, 0xff,
  0xff, 0xff, 0xff, 0xff, 0xe3, 0xf3, 0xf2, 0xff, 0x3d, 0x7e, 0x8e, 0xff,
  0x00, 0x26, 0x4e, 0xff, 0x06, 0x2b, 0x52, 0xff, 0x07, 0x2c, 0x53, 0xff,
  0x07, 0x2c, 0x53, 0xff, 0x07, 0x2c, 0x54, 0xff, 0x06, 0x2c, 0x54, 0xff,
  0x07, 0x2c, 0x53, 0xff, 0x07, 0x2d, 0x54, 0xff, 0x07, 0x2c, 0x53, 0xff,
  0x07, 0x2c, 0x53, 0xff, 0x07, 0x2c, 0x52, 0xff, 0x06, 0x2d, 0x54, 0xff,
  0x07, 0x2c, 0x54, 0xff, 0x07, 0x2d, 0x55, 0xff, 0x07, 0x2d, 0x55, 0xff,
  0x07, 0x2d, 0x54, 0xff, 0x07, 0x2d, 0x54, 0xff, 0x07, 0x2c, 0x54, 0xff,
  0x06, 0x2c, 0x53, 0xff, 0x03, 0x26, 0x4f, 0xff, 0x20, 0x67, 0x7c, 0xff,
  0x9f, 0xf1, 0xe8, 0xff, 0x89, 0xe7, 0xde, 0xff, 0x58, 0xde, 0xd0, 0xff,
  0x5d, 0xde, 0xd1, 0xff, 0x5f, 0xdf, 0xd2, 0xff, 0x60, 0xe2, 0xd4, 0xff,
  0x5b, 0xdb, 0xd0, 0xff, 0x31, 0x8f, 0xa3, 0xff, 0x0c, 0x3b, 0x60, 0xff,
  0x03, 0x25, 0x4e, 0xff, 0x06, 0x2c, 0x54, 0xff, 0x06, 0x2c, 0x54, 0xff,
  0x06, 0x2c, 0x54, 0xff, 0x07, 0x2d, 0x54, 0xff, 0x07, 0x2d, 0x54, 0xff,
  0x07, 0x2d, 0x54, 0xff, 0x06, 0x2c, 0x55, 0xff, 0x07, 0x2d, 0x55, 0xff,
  0x07, 0x2d, 0x55, 0xff, 0x07, 0x2d, 0x55, 0xff, 0x07, 0x2d, 0x54, 0xff,
  0x07, 0x2c, 0x54, 0xff, 0x07, 0x2d, 0x55, 0xff, 0x07, 0x2d, 0x55, 0xff,
  0x06, 0x2c, 0x54, 0xff, 0x06, 0x2c, 0x54, 0xff, 0x07, 0x2c, 0x54, 0xff,
  0x07, 0x2c, 0x54, 0xff, 0x06, 0x2c, 0x54, 0xff, 0x06, 0x2c, 0x54, 0xff,
  0x06, 0x2c, 0x54, 0xff, 0x06, 0x2c, 0x53, 0xff, 0x06, 0x2b, 0x52, 0xff,
  0x03, 0x24, 0x4c, 0xff, 0x33, 0x88, 0x93, 0xff, 0x81, 0xdd, 0xd5, 0xff,
  0xc4, 0xe8, 0xe6, 0xff, 0xff, 0xff, 0xff, 0xff, 0xfe, 0xfe, 0xfe, 0xff,
  0xff, 0xff, 0xff, 0xff, 0xe3, 0xf3, 0xf2, 0xff, 0x64, 0xcd, 0xc5, 0xff,
  0x0f, 0x47, 0x65, 0xff, 0x04, 0x27, 0x50, 0xff, 0x06, 0x2c, 0x54, 0xff,
  0x06, 0x2c, 0x54, 0xff, 0x07, 0x2c, 0x54, 0xff, 0x06, 0x2c, 0x54, 0xff,
  0x07, 0x2d, 0x54, 0xff, 0x07, 0x2d, 0x54, 0xff, 0x07, 0x2d, 0x55, 0xff,
  0x07, 0x2c, 0x54, 0xff, 0x07, 0x2c, 0x54, 0xff, 0x07, 0x2d, 0x53, 0xff,
  0x06, 0x2e, 0x54, 0xff, 0x07, 0x2d, 0x56, 0xff, 0x07, 0x2d, 0x56, 0xff,
  0x07, 0x2e, 0x56, 0xff, 0x07, 0x2e, 0x56, 0xff, 0x07, 0x2d, 0x55, 0xff,
  0x07, 0x2d, 0x55, 0xff, 0x07, 0x2d, 0x54, 0xff, 0x03, 0x26, 0x4f, 0xff,
  0x40, 0xa1, 0xa5, 0xff, 0x80, 0xec, 0xdf, 0xff, 0x5d, 0xde, 0xd1, 0xff,
  0x5e, 0xdf, 0xd2, 0xff, 0x5f, 0xdf, 0xd1, 0xff, 0x5f, 0xdf, 0xd2, 0xff,
  0x5f, 0xdf, 0xd2, 0xff, 0x61, 0xe6, 0xd7, 0xff, 0x21, 0x63, 0x7b, 0xff,
  0x03, 0x24, 0x4e, 0xff, 0x07, 0x2d, 0x56, 0xff, 0x06, 0x2d, 0x55, 0xff,
  0x06, 0x2d, 0x55, 0xff, 0x07, 0x2e, 0x56, 0xff, 0x07, 0x2e, 0x56, 0xff,
  0x07, 0x2e, 0x56, 0xff, 0x07, 0x2e, 0x56, 0xff, 0x07, 0x2d, 0x56, 0xff,
  0x07, 0x2e, 0x56, 0xff, 0x07, 0x2e, 0x56, 0xff, 0x07, 0x2e, 0x56, 0xff,
  0x07, 0x2e, 0x56, 0xff, 0x07, 0x2e, 0x56, 0xff, 0x07, 0x2e, 0x56, 0xff,
  0x07, 0x2d, 0x56, 0xff, 0x07, 0x2d, 0x55, 0xff, 0x06, 0x2d, 0x55, 0xff,
  0x06, 0x2d, 0x55, 0xff, 0x07, 0x2d, 0x55, 0xff, 0x07, 0x2d, 0x55, 0xff,
  0x07, 0x2d, 0x55, 0xff, 0x07, 0x2d, 0x55, 0xff, 0x07, 0x2d, 0x55, 0xff,
  0x06, 0x2c, 0x53, 0xff, 0x06, 0x2c, 0x52, 0xff, 0x4f, 0xbc, 0xb9, 0xff,
  0x75, 0xe8, 0xdc, 0xff, 0x52, 0xcf, 0xc4, 0xff, 0xc2, 0xe7, 0xe4, 0xff,
  0xff, 0xff, 0xff, 0xff, 0xe4, 0xf3, 0xf2, 0xff, 0x67, 0xcf, 0xc7, 0xff,
  0x5a, 0xe4, 0xd5, 0xff, 0x2a, 0x77, 0x89, 0xff, 0x03, 0x25, 0x4f, 0xff,
  0x06, 0x2d, 0x55, 0xff, 0x07, 0x2d, 0x56, 0xff, 0x07, 0x2d, 0x56, 0xff,
  0x07, 0x2d, 0x55, 0xff, 0x07, 0x2e, 0x56, 0xff, 0x07, 0x2e, 0x56, 0xff,
  0x07, 0x2e, 0x56, 0xff, 0x07, 0x2e, 0x56, 0xff, 0x07, 0x2e, 0x55, 0xff,
  0x07, 0x2e, 0x54, 0xff, 0x07, 0x2e, 0x55, 0xff, 0x07, 0x2e, 0x57, 0xff,
  0x07, 0x2e, 0x57, 0xff, 0x07, 0x2e, 0x56, 0xff, 0x07, 0x2e, 0x56, 0xff,
  0x07, 0x2e, 0x56, 0xff, 0x07, 0x2e, 0x56, 0xff, 0x07, 0x2e, 0x56, 0xff,
  0x05, 0x29, 0x51, 0xff, 0x44, 0xaa, 0xac, 0xff, 0x5d, 0xe3, 0xd4, 0xff,
  0x5d, 0xde, 0xd1, 0xff, 0x5e, 0xde, 0xd1, 0xff, 0x5f, 0xde, 0xd2, 0xff,
  0x5f, 0xdf, 0xd2, 0xff, 0x5f, 0xdf, 0xd2, 0xff, 0x62, 0xe6, 0xd7, 0xff,
  0x29, 0x73, 0x86, 0xff, 0x04, 0x26, 0x50, 0xff, 0x07, 0x2e, 0x56, 0xff,
  0x08, 0x2e, 0x56, 0xff, 0x08, 0x2f, 0x57, 0xff, 0x08, 0x2e, 0x57, 0xff,
  0x07, 0x2f, 0x57, 0xff, 0x07, 0x2f, 0x57, 0xff, 0x08, 0x2f, 0x57, 0xff,
  0x07, 0x2f, 0x57, 0xff, 0x07, 0x2e, 0x57, 0xff, 0x07, 0x2e, 0x56, 0xff,
  0x07, 0x2e, 0x56, 0xff, 0x08, 0x2e, 0x57, 0xff, 0x07, 0x2e, 0x56, 0xff,
  0x07, 0x2e, 0x56, 0xff, 0x07, 0x2e, 0x56, 0xff, 0x07, 0x2e, 0x56, 0xff,
  0x07, 0x2e, 0x56, 0xff, 0x07, 0x2e, 0x56, 0xff, 0x08, 0x2e, 0x56, 0xff,
  0x07, 0x2e, 0x57, 0xff, 0x07, 0x2e, 0x56, 0xff, 0x07, 0x2d, 0x56, 0xff,
  0x07, 0x2e, 0x56, 0xff, 0x07, 0x2d, 0x54, 0xff, 0x08, 0x2e, 0x55, 0xff,
  0x4e, 0xbe, 0xbb, 0xff, 0x5d, 0xe2, 0xd4, 0xff, 0x5a, 0xde, 0xd1, 0xff,
  0x56, 0xd1, 0xc6, 0xff, 0xae, 0xdf, 0xdc, 0xff, 0x6d, 0xd1, 0xc9, 0xff,
  0x57, 0xdb, 0xce, 0xff, 0x61, 0xe7, 0xd8, 0xff, 0x2c, 0x7b, 0x8c, 0xff,
  0x03, 0x25, 0x50, 0xff, 0x07, 0x2e, 0x56, 0xff, 0x07, 0x2e, 0x56, 0xff,
  0x07, 0x2e, 0x56, 0xff, 0x07, 0x2e, 0x56, 0xff, 0x07, 0x2e, 0x56, 0xff,
  0x07, 0x2e, 0x56, 0xff, 0x08, 0x2f, 0x57, 0xff, 0x08, 0x2e, 0x57, 0xff,
  0x08, 0x2e, 0x56, 0xff, 0x08, 0x2e, 0x55, 0xff, 0x07, 0x2f, 0x56, 0xff,
  0x07, 0x2e, 0x57, 0xff, 0x07, 0x2e, 0x57, 0xff, 0x07, 0x2f, 0x57, 0xff,
  0x07, 0x2e, 0x57, 0xff, 0x08, 0x2f, 0x57, 0xff, 0x08, 0x2e, 0x57, 0xff,
  0x07, 0x2e, 0x57, 0xff, 0x03, 0x26, 0x50, 0xff, 0x33, 0x89, 0x95, 0xff,
  0x61, 0xe7, 0xd7, 0xff, 0x5d, 0xde, 0xd1, 0xff, 0x5e, 0xde, 0xd1, 0xff,
  0x5e, 0xde, 0xd1, 0xff, 0x5f, 0xde, 0xd1, 0xff, 0x5f, 0xdf, 0xd2, 0xff,
  0x5e, 0xe0, 0xd3, 0xff, 0x1a, 0x54, 0x71, 0xff, 0x05, 0x2a, 0x54, 0xff,
  0x08, 0x2f, 0x58, 0xff, 0x08, 0x2f, 0x58, 0xff, 0x08, 0x2f, 0x58, 0xff,
  0x08, 0x2f, 0x58, 0xff, 0x08, 0x2f, 0x58, 0xff, 0x07, 0x2f, 0x57, 0xff,
  0x08, 0x2f, 0x58, 0xff, 0x08, 0x2f, 0x58, 0xff, 0x08, 0x2f, 0x57, 0xff,
  0x07, 0x2e, 0x57, 0xff, 0x07, 0x2e, 0x57, 0xff, 0x08, 0x2f, 0x57, 0xff,
  0x08, 0x2f, 0x57, 0xff, 0x07, 0x2f, 0x57, 0xff, 0x07, 0x2f, 0x57, 0xff,
  0x07, 0x2f, 0x57, 0xff, 0x08, 0x2f, 0x58, 0xff, 0x08, 0x2f, 0x58, 0xff,
  0x07, 0x2e, 0x57, 0xff, 0x08, 0x2f, 0x57, 0xff, 0x08, 0x2f, 0x58, 0xff,
  0x07, 0x2f, 0x57, 0xff, 0x07, 0x2e, 0x57, 0xff, 0x07, 0x2e, 0x56, 0xff,
  0x04, 0x27, 0x51, 0xff, 0x3c, 0x9a, 0xa1, 0xff, 0x61, 0xe7, 0xd7, 0xff,
  0x5d, 0xde, 0xd1, 0xff, 0x5c, 0xde, 0xd2, 0xff, 0x4f, 0xd2, 0xc7, 0xff,
  0x59, 0xdb, 0xce, 0xff, 0x5e, 0xdf, 0xd3, 0xff, 0x5d, 0xe1, 0xd3, 0xff,
  0x1a, 0x57, 0x73, 0xff, 0x05, 0x29, 0x54, 0xff, 0x07, 0x2e, 0x57, 0xff,
  0x07, 0x2e, 0x57, 0xff, 0x08, 0x2f, 0x57, 0xff, 0x08, 0x2f, 0x58, 0xff,
  0x08, 0x2f, 0x58, 0xff, 0x08, 0x2f, 0x58, 0xff, 0x08, 0x2f, 0x58, 0xff,
  0x08, 0x2f, 0x58, 0xff, 0x08, 0x2f, 0x57, 0xff, 0x08, 0x2f, 0x56, 0xff,
  0x07, 0x30, 0x58, 0xff, 0x08, 0x2f, 0x59, 0xff, 0x07, 0x2f, 0x58, 0xff,
  0x07, 0x2f, 0x58, 0xff, 0x08, 0x2f, 0x58, 0xff, 0x07, 0x2f, 0x58, 0xff,
  0x08, 0x2f, 0x58, 0xff, 0x08, 0x2f, 0x57, 0xff, 0x06, 0x2c, 0x55, 0xff,
  0x11, 0x42, 0x64, 0xff, 0x55, 0xce, 0xc6, 0xff, 0x61, 0xe5, 0xd6, 0xff,
  0x5e, 0xde, 0xd1, 0xff, 0x5e, 0xde, 0xd1, 0xff, 0x5e, 0xdf, 0xd2, 0xff,
  0x62, 0xe9, 0xd9, 0xff, 0x40, 0xa5, 0xa9, 0xff, 0x06, 0x2d, 0x55, 0xff,
  0x07, 0x2f, 0x57, 0xff, 0x08, 0x2f, 0x58, 0xff, 0x08, 0x2f, 0x58, 0xff,
  0x08, 0x30, 0x59, 0xff, 0x08, 0x30, 0x59, 0xff, 0x08, 0x30, 0x59, 0xff,
  0x08, 0x2f, 0x58, 0xff, 0x08, 0x2f, 0x58, 0xff, 0x08, 0x2f, 0x58, 0xff,
  0x08, 0x2f, 0x58, 0xff, 0x08, 0x2f, 0x58, 0xff, 0x07, 0x2f, 0x58, 0xff,
  0x08, 0x2f, 0x58, 0xff, 0x07, 0x2f, 0x58, 0xff, 0x08, 0x30, 0x58, 0xff,
  0x08, 0x30, 0x58, 0xff, 0x08, 0x2f, 0x58, 0xff, 0x08, 0x2f, 0x58, 0xff,
  0x08, 0x2f, 0x58, 0xff, 0x08, 0x2f, 0x58, 0xff, 0x08, 0x2f, 0x58, 0xff,
  0x08, 0x30, 0x58, 0xff, 0x08, 0x2f, 0x58, 0xff, 0x08, 0x2f, 0x58, 0xff,
  0x08, 0x2f, 0x57, 0xff, 0x05, 0x2b, 0x54, 0xff, 0x15, 0x4a, 0x69, 0xff,
  0x57, 0xd4, 0xca, 0xff, 0x60, 0xe4, 0xd6, 0xff, 0x5d, 0xde, 0xd2, 0xff,
  0x5e, 0xdf, 0xd2, 0xff, 0x5d, 0xdf, 0xd2, 0xff, 0x61, 0xe9, 0xd9, 0xff,
  0x3e, 0xa2, 0xa8, 0xff, 0x06, 0x2d, 0x56, 0xff, 0x08, 0x2f, 0x58, 0xff,
  0x08, 0x2f, 0x58, 0xff, 0x08, 0x2f, 0x58, 0xff, 0x08, 0x2f, 0x58, 0xff,
  0x08, 0x2f, 0x58, 0xff, 0x08, 0x30, 0x58, 0xff, 0x08, 0x2f, 0x58, 0xff,
  0x08, 0x2f, 0x58, 0xff, 0x08, 0x2f, 0x58, 0xff, 0x07, 0x2f, 0x57, 0xff,
  0x08, 0x2f, 0x56, 0xff, 0x07, 0x30, 0x59, 0xff, 0x08, 0x30, 0x5a, 0xff,
  0x08, 0x30, 0x59, 0xff, 0x08, 0x30, 0x59, 0xff, 0x07, 0x2f, 0x59, 0xff,
  0x08, 0x2f, 0x58, 0xff, 0x08, 0x2f, 0x59, 0xff, 0x07, 0x2f, 0x59, 0xff,
  0x07, 0x2f, 0x58, 0xff, 0x05, 0x29, 0x53, 0xff, 0x1a, 0x54, 0x71, 0xff,
  0x4e, 0xbe, 0xbb, 0xff, 0x5f, 0xe1, 0xd4, 0xff, 0x60, 0xe4, 0xd6, 0xff,
  0x5c, 0xdd, 0xd1, 0xff, 0x3f, 0xa3, 0xa8, 0xff, 0x0c, 0x3a, 0x60, 0xff,
  0x06, 0x2c, 0x56, 0xff, 0x07, 0x2f, 0x58, 0xff, 0x07, 0x2f, 0x59, 0xff,
  0x08, 0x30, 0x59, 0xff, 0x08, 0x30, 0x59, 0xff, 0x08, 0x2f, 0x59, 0xff,
  0x08, 0x2f, 0x59, 0xff, 0x08, 0x30, 0x59, 0xff, 0x08, 0x2f, 0x59, 0xff,
  0x08, 0x2f, 0x59, 0xff, 0x08, 0x30, 0x59, 0xff, 0x08, 0x2f, 0x59, 0xff,
  0x07, 0x2f, 0x58, 0xff, 0x08, 0x2f, 0x59, 0xff, 0x07, 0x2f, 0x59, 0xff,
  0x08, 0x2f, 0x59, 0xff, 0x08, 0x30, 0x59, 0xff, 0x08, 0x2f, 0x58, 0xff,
  0x08, 0x2f, 0x58, 0xff, 0x08, 0x2f, 0x58, 0xff, 0x08, 0x2f, 0x58, 0xff,
  0x07, 0x2f, 0x59, 0xff, 0x08, 0x2f, 0x59, 0xff, 0x08, 0x2f, 0x59, 0xff,
  0x08, 0x30, 0x59, 0xff, 0x08, 0x30, 0x59, 0xff, 0x08, 0x2f, 0x58, 0xff,
  0x05, 0x29, 0x53, 0xff, 0x1b, 0x57, 0x73, 0xff, 0x4d, 0xbf, 0xbc, 0xff,
  0x5c, 0xe0, 0xd2, 0xff, 0x5e, 0xe3, 0xd4, 0xff, 0x59, 0xd9, 0xcd, 0xff,
  0x3a, 0x9b, 0xa3, 0xff, 0x0b, 0x37, 0x5d, 0xff, 0x06, 0x2d, 0x57, 0xff,
  0x08, 0x30, 0x59, 0xff, 0x08, 0x30, 0x5a, 0xff, 0x08, 0x30, 0x5a, 0xff,
  0x08, 0x2f, 0x59, 0xff, 0x08, 0x2f, 0x58, 0xff, 0x08, 0x2f, 0x58, 0xff,
  0x08, 0x2f, 0x59, 0xff, 0x08, 0x2f, 0x59, 0xff, 0x08, 0x2f, 0x58, 0xff,
  0x07, 0x2f, 0x58, 0xff, 0x07, 0x2f, 0x57, 0xff, 0x07, 0x31, 0x5a, 0xff,
  0x08, 0x31, 0x5b, 0xff, 0x08, 0x31, 0x5b, 0xff, 0x07, 0x30, 0x5a, 0xff,
  0x07, 0x30, 0x5a, 0xff, 0x08, 0x30, 0x5a, 0xff, 0x08, 0x30, 0x5a, 0xff,
  0x07, 0x30, 0x59, 0xff, 0x07, 0x2f, 0x59, 0xff, 0x07, 0x2f, 0x59, 0xff,
  0x05, 0x2a, 0x55, 0xff, 0x09, 0x34, 0x5b, 0xff, 0x1d, 0x5a, 0x75, 0xff,
  0x23, 0x68, 0x80, 0xff, 0x17, 0x50, 0x6f, 0xff, 0x06, 0x2d, 0x58, 0xff,
  0x06, 0x2d, 0x58, 0xff, 0x07, 0x2f, 0x59, 0xff, 0x07, 0x2f, 0x59, 0xff,
  0x08, 0x30, 0x5a, 0xff, 0x08, 0x31, 0x5a, 0xff, 0x08, 0x31, 0x5a, 0xff,
  0x08, 0x30, 0x5a, 0xff, 0x08, 0x30, 0x5a, 0xff, 0x07, 0x30, 0x5a, 0xff,
  0x07, 0x30, 0x5a, 0xff, 0x08, 0x30, 0x5a, 0xff, 0x08, 0x30, 0x5a, 0xff,
  0x07, 0x30, 0x5a, 0xff, 0x07, 0x30, 0x5a, 0xff, 0x08, 0x30, 0x5a, 0xff,
  0x07, 0x30, 0x5a, 0xff, 0x08, 0x30, 0x59, 0xff, 0x08, 0x30, 0x5a, 0xff,
  0x08, 0x30, 0x5a, 0xff, 0x08, 0x30, 0x5a, 0xff, 0x08, 0x30, 0x5a, 0xff,
  0x08, 0x30, 0x5a, 0xff, 0x08, 0x30, 0x5a, 0xff, 0x08, 0x31, 0x5b, 0xff,
  0x08, 0x30, 0x5b, 0xff, 0x08, 0x31, 0x5b, 0xff, 0x08, 0x30, 0x5a, 0xff,
  0x08, 0x30, 0x5a, 0xff, 0x08, 0x30, 0x59, 0xff, 0x05, 0x2a, 0x55, 0xff,
  0x09, 0x34, 0x5c, 0xff, 0x19, 0x55, 0x73, 0xff, 0x1f, 0x61, 0x7b, 0xff,
  0x13, 0x49, 0x6a, 0xff, 0x05, 0x2c, 0x56, 0xff, 0x07, 0x2e, 0x58, 0xff,
  0x08, 0x30, 0x5b, 0xff, 0x08, 0x30, 0x5a, 0xff, 0x08, 0x31, 0x5b, 0xff,
  0x08, 0x31, 0x5a, 0xff, 0x08, 0x31, 0x5a, 0xff, 0x08, 0x30, 0x5a, 0xff,
  0x08, 0x30, 0x5a, 0xff, 0x08, 0x30, 0x5a, 0xff, 0x08, 0x30, 0x5a, 0xff,
  0x08, 0x30, 0x5a, 0xff, 0x08, 0x30, 0x5a, 0xff, 0x07, 0x30, 0x58, 0xff,
  0x07, 0x32, 0x5b, 0xff, 0x08, 0x31, 0x5c, 0xff, 0x08, 0x32, 0x5c, 0xff,
  0x09, 0x31, 0x5c, 0xff, 0x08, 0x31, 0x5b, 0xff, 0x08, 0x31, 0x5b, 0xff,
  0x08, 0x31, 0x5b, 0xff, 0x08, 0x31, 0x5b, 0xff, 0x08, 0x31, 0x5a, 0xff,
  0x08, 0x30, 0x5a, 0xff, 0x08, 0x31, 0x5b, 0xff, 0x07, 0x2f, 0x59, 0xff,
  0x05, 0x2b, 0x56, 0xff, 0x05, 0x2a, 0x55, 0xff, 0x06, 0x2d, 0x58, 0xff,
  0x08, 0x31, 0x5a, 0xff, 0x08, 0x30, 0x5a, 0xff, 0x08, 0x30, 0x5a, 0xff,
  0x08, 0x31, 0x5b, 0xff, 0x08, 0x31, 0x5b, 0xff, 0x08, 0x31, 0x5b, 0xff,
  0x08, 0x31, 0x5c, 0xff, 0x08, 0x32, 0x5c, 0xff, 0x08, 0x32, 0x5c, 0xff,
  0x08, 0x32, 0x5c, 0xff, 0x08, 0x31, 0x5c, 0xff, 0x08, 0x31, 0x5c, 0xff,
  0x08, 0x31, 0x5b, 0xff, 0x08, 0x30, 0x5b, 0xff, 0x08, 0x31, 0x5b, 0xff,
  0x07, 0x31, 0x5b, 0xff, 0x07, 0x30, 0x5a, 0xff, 0x08, 0x31, 0x5b, 0xff,
  0x08, 0x31, 0x5b, 0xff, 0x08, 0x31, 0x5b, 0xff, 0x08, 0x30, 0x5a, 0xff,
  0x08, 0x31, 0x5b, 0xff, 0x08, 0x31, 0x5b, 0xff, 0x08, 0x31, 0x5b, 0xff,
  0x08, 0x31, 0x5b, 0xff, 0x08, 0x31, 0x5c, 0xff, 0x08, 0x31, 0x5b, 0xff,
  0x08, 0x31, 0x5b, 0xff, 0x08, 0x31, 0x5b, 0xff, 0x08, 0x30, 0x5a, 0xff,
  0x08, 0x30, 0x5a, 0xff, 0x07, 0x2f, 0x5a, 0xff, 0x05, 0x2b, 0x57, 0xff,
  0x05, 0x2a, 0x56, 0xff, 0x06, 0x2d, 0x58, 0xff, 0x08, 0x30, 0x5a, 0xff,
  0x08, 0x30, 0x5a, 0xff, 0x08, 0x30, 0x5a, 0xff, 0x08, 0x31, 0x5a, 0xff,
  0x08, 0x31, 0x5b, 0xff, 0x08, 0x31, 0x5b, 0xff, 0x08, 0x31, 0x5b, 0xff,
  0x09, 0x31, 0x5a, 0xff, 0x08, 0x31, 0x5a, 0xff, 0x08, 0x30, 0x5a, 0xff,
  0x08, 0x31, 0x5a, 0xff, 0x08, 0x31, 0x5b, 0xff, 0x08, 0x31, 0x5b, 0xff,
  0x09, 0x31, 0x5a, 0xff, 0x08, 0x32, 0x5c, 0xff, 0x09, 0x33, 0x5e, 0xff,
  0x09, 0x33, 0x5d, 0xff, 0x09, 0x32, 0x5c, 0xff, 0x09, 0x31, 0x5c, 0xff,
  0x09, 0x31, 0x5c, 0xff, 0x08, 0x31, 0x5c, 0xff, 0x08, 0x31, 0x5c, 0xff,
  0x08, 0x31, 0x5c, 0xff, 0x08, 0x31, 0x5b, 0xff, 0x08, 0x31, 0x5c, 0xff,
  0x08, 0x31, 0x5c, 0xff, 0x08, 0x31, 0x5b, 0xff, 0x08, 0x31, 0x5b, 0xff,
  0x09, 0x32, 0x5c, 0xff, 0x09, 0x31, 0x5c, 0xff, 0x08, 0x31, 0x5b, 0xff,
  0x09, 0x32, 0x5b, 0xff, 0x09, 0x32, 0x5c, 0xff, 0x08, 0x32, 0x5c, 0xff,
  0x08, 0x31, 0x5c, 0xff, 0x08, 0x32, 0x5d, 0xff, 0x09, 0x32, 0x5d, 0xff,
  0x08, 0x32, 0x5d, 0xff, 0x09, 0x32, 0x5c, 0xff, 0x09, 0x32, 0x5c, 0xff,
  0x08, 0x32, 0x5c, 0xff, 0x08, 0x31, 0x5c, 0xff, 0x08, 0x31, 0x5b, 0xff,
  0x08, 0x31, 0x5b, 0xff, 0x08, 0x31, 0x5c, 0xff, 0x08, 0x31, 0x5c, 0xff,
  0x08, 0x32, 0x5c, 0xff, 0x08, 0x32, 0x5c, 0xff, 0x08, 0x31, 0x5c, 0xff,
  0x08, 0x31, 0x5b, 0xff, 0x08, 0x31, 0x5c, 0xff, 0x08, 0x31, 0x5c, 0xff,
  0x08, 0x31, 0x5c, 0xff, 0x08, 0x31, 0x5c, 0xff, 0x08, 0x32, 0x5c, 0xff,
  0x08, 0x31, 0x5c, 0xff, 0x09, 0x32, 0x5c, 0xff, 0x08, 0x32, 0x5c, 0xff,
  0x08, 0x31, 0x5c, 0xff, 0x08, 0x31, 0x5c, 0xff, 0x08, 0x31, 0x5c, 0xff,
  0x08, 0x31, 0x5c, 0xff, 0x09, 0x31, 0x5c, 0xff, 0x08, 0x32, 0x5c, 0xff,
  0x08, 0x31, 0x5b, 0xff, 0x08, 0x30, 0x5b, 0xff, 0x08, 0x31, 0x5b, 0xff,
  0x08, 0x31, 0x5c, 0xff, 0x08, 0x31, 0x5c, 0xff, 0x09, 0x32, 0x5c, 0xff,
  0x09, 0x31, 0x5b, 0xff, 0x08, 0x31, 0x5b, 0xff, 0x09, 0x31, 0x5b, 0xff,
  0x08, 0x31, 0x5b, 0xff, 0x08, 0x31, 0x5b, 0xff, 0x08, 0x31, 0x5b, 0xff,
  0x08, 0x31, 0x5b, 0xff, 0x09, 0x32, 0x5a, 0xff, 0x08, 0x33, 0x5d, 0xff,
  0x09, 0x33, 0x5e, 0xff, 0x09, 0x33, 0x5e, 0xff, 0x09, 0x33, 0x5d, 0xff,
  0x09, 0x32, 0x5d, 0xff, 0x08, 0x32, 0x5c, 0xff, 0x08, 0x32, 0x5d, 0xff,
  0x09, 0x32, 0x5d, 0xff, 0x09, 0x32, 0x5d, 0xff, 0x09, 0x32, 0x5d, 0xff,
  0x08, 0x32, 0x5d, 0xff, 0x08, 0x32, 0x5d, 0xff, 0x08, 0x32, 0x5d, 0xff,
  0x08, 0x32, 0x5c, 0xff, 0x09, 0x32, 0x5d, 0xff, 0x09, 0x32, 0x5c, 0xff,
  0x09, 0x32, 0x5c, 0xff, 0x09, 0x32, 0x5d, 0xff, 0x09, 0x32, 0x5d, 0xff,
  0x08, 0x32, 0x5d, 0xff, 0x08, 0x32, 0x5d, 0xff, 0x09, 0x33, 0x5d, 0xff,
  0x09, 0x33, 0x5d, 0xff, 0x09, 0x33, 0x5d, 0xff, 0x09, 0x33, 0x5d, 0xff,
  0x09, 0x33, 0x5d, 0xff, 0x08, 0x32, 0x5d, 0xff, 0x08, 0x32, 0x5c, 0xff,
  0x09, 0x32, 0x5c, 0xff, 0x08, 0x32, 0x5c, 0xff, 0x08, 0x32, 0x5d, 0xff,
  0x08, 0x32, 0x5d, 0xff, 0x08, 0x33, 0x5d, 0xff, 0x09, 0x33, 0x5d, 0xff,
  0x09, 0x32, 0x5c, 0xff, 0x08, 0x32, 0x5c, 0xff, 0x08, 0x32, 0x5d, 0xff,
  0x08, 0x32, 0x5d, 0xff, 0x08, 0x32, 0x5d, 0xff, 0x08, 0x32, 0x5d, 0xff,
  0x08, 0x32, 0x5d, 0xff, 0x08, 0x32, 0x5d, 0xff, 0x09, 0x32, 0x5d, 0xff,
  0x09, 0x32, 0x5d, 0xff, 0x08, 0x32, 0x5d, 0xff, 0x09, 0x32, 0x5d, 0xff,
  0x09, 0x32, 0x5d, 0xff, 0x09, 0x33, 0x5d, 0xff, 0x09, 0x33, 0x5d, 0xff,
  0x09, 0x32, 0x5d, 0xff, 0x09, 0x32, 0x5d, 0xff, 0x09, 0x32, 0x5c, 0xff,
  0x08, 0x32, 0x5d, 0xff, 0x08, 0x32, 0x5d, 0xff, 0x08, 0x32, 0x5d, 0xff,
  0x09, 0x32, 0x5d, 0xff, 0x09, 0x32, 0x5d, 0xff, 0x08, 0x32, 0x5c, 0xff,
  0x08, 0x32, 0x5c, 0xff, 0x09, 0x32, 0x5c, 0xff, 0x08, 0x32, 0x5c, 0xff,
  0x09, 0x32, 0x5c, 0xff, 0x09, 0x32, 0x5c, 0xff, 0x08, 0x32, 0x5b, 0xff,
  0x08, 0x34, 0x5e, 0xff, 0x09, 0x33, 0x5f, 0xff, 0x09, 0x33, 0x5e, 0xff,
  0x09, 0x33, 0x5e, 0xff, 0x09, 0x33, 0x5d, 0xff, 0x09, 0x32, 0x5d, 0xff,
  0x08, 0x32, 0x5d, 0xff, 0x08, 0x32, 0x5d, 0xff, 0x09, 0x32, 0x5d, 0xff,
  0x09, 0x32, 0x5d, 0xff, 0x09, 0x32, 0x5d, 0xff, 0x09, 0x33, 0x5d, 0xff,
  0x09, 0x32, 0x5e, 0xff, 0x09, 0x32, 0x5e, 0xff, 0x09, 0x32, 0x5d, 0xff,
  0x09, 0x32, 0x5d, 0xff, 0x08, 0x32, 0x5d, 0xff, 0x08, 0x32, 0x5d, 0xff,
  0x08, 0x32, 0x5d, 0xff, 0x08, 0x32, 0x5d, 0xff, 0x08, 0x33, 0x5e, 0xff,
  0x09, 0x33, 0x5e, 0xff, 0x09, 0x33, 0x5e, 0xff, 0x09, 0x33, 0x5e, 0xff,
  0x09, 0x33, 0x5e, 0xff, 0x09, 0x33, 0x5e, 0xff, 0x09, 0x33, 0x5e, 0xff,
  0x09, 0x32, 0x5d, 0xff, 0x08, 0x32, 0x5d, 0xff, 0x09, 0x32, 0x5d, 0xff,
  0x08, 0x32, 0x5d, 0xff, 0x08, 0x33, 0x5e, 0xff, 0x08, 0x33, 0x5e, 0xff,
  0x08, 0x33, 0x5e, 0xff, 0x09, 0x33, 0x5e, 0xff, 0x08, 0x32, 0x5e, 0xff,
  0x08, 0x32, 0x5e, 0xff, 0x08, 0x32, 0x5e, 0xff, 0x08, 0x33, 0x5e, 0xff,
  0x09, 0x32, 0x5d, 0xff, 0x09, 0x32, 0x5d, 0xff, 0x09, 0x32, 0x5e, 0xff,
  0x09, 0x33, 0x5d, 0xff, 0x09, 0x33, 0x5d, 0xff, 0x09, 0x33, 0x5e, 0xff,
  0x09, 0x33, 0x5e, 0xff, 0x08, 0x32, 0x5e, 0xff, 0x09, 0x33, 0x5e, 0xff,
  0x09, 0x33, 0x5e, 0xff, 0x08, 0x33, 0x5e, 0xff, 0x08, 0x32, 0x5d, 0xff,
  0x08, 0x32, 0x5e, 0xff, 0x08, 0x33, 0x5e, 0xff, 0x09, 0x33, 0x5e, 0xff,
  0x09, 0x33, 0x5e, 0xff, 0x09, 0x32, 0x5d, 0xff, 0x09, 0x32, 0x5d, 0xff,
  0x08, 0x32, 0x5d, 0xff, 0x09, 0x32, 0x5d, 0xff, 0x09, 0x32, 0x5d, 0xff,
  0x09, 0x33, 0x5d, 0xff, 0x09, 0x32, 0x5d, 0xff, 0x09, 0x32, 0x5d, 0xff,
  0x09, 0x33, 0x5c, 0xff, 0x08, 0x34, 0x5e, 0xff, 0x09, 0x33, 0x5f, 0xff,
  0x08, 0x33, 0x5f, 0xff, 0x08, 0x33, 0x5e, 0xff, 0x09, 0x33, 0x5e, 0xff,
  0x09, 0x33, 0x5e, 0xff, 0x09, 0x33, 0x5f, 0xff, 0x09, 0x33, 0x5f, 0xff,
  0x09, 0x33, 0x5e, 0xff, 0x08, 0x33, 0x5e, 0xff, 0x09, 0x33, 0x5f, 0xff,
  0x09, 0x34, 0x5f, 0xff, 0x09, 0x34, 0x5f, 0xff, 0x09, 0x34, 0x5f, 0xff,
  0x08, 0x33, 0x5f, 0xff, 0x08, 0x33, 0x5f, 0xff, 0x09, 0x33, 0x5f, 0xff,
  0x09, 0x33, 0x5f, 0xff, 0x08, 0x33, 0x5e, 0xff, 0x08, 0x32, 0x5e, 0xff,
  0x08, 0x33, 0x5f, 0xff, 0x09, 0x34, 0x60, 0xff, 0x09, 0x34, 0x60, 0xff,
  0x09, 0x33, 0x5f, 0xff, 0x09, 0x33, 0x5e, 0xff, 0x09, 0x33, 0x5f, 0xff,
  0x09, 0x33, 0x5f, 0xff, 0x09, 0x33, 0x5e, 0xff, 0x08, 0x33, 0x5e, 0xff,
  0x08, 0x33, 0x5e, 0xff, 0x08, 0x33, 0x5f, 0xff, 0x08, 0x33, 0x5f, 0xff,
  0x09, 0x33, 0x5f, 0xff, 0x09, 0x34, 0x5f, 0xff, 0x09, 0x33, 0x5f, 0xff,
  0x09, 0x33, 0x5e, 0xff, 0x09, 0x33, 0x5f, 0xff, 0x09, 0x33, 0x5f, 0xff,
  0x09, 0x33, 0x5f, 0xff, 0x09, 0x33, 0x5f, 0xff, 0x09, 0x33, 0x5f, 0xff,
  0x08, 0x33, 0x5e, 0xff, 0x09, 0x33, 0x5e, 0xff, 0x08, 0x33, 0x5e, 0xff,
  0x08, 0x33, 0x5f, 0xff, 0x08, 0x33, 0x5e, 0xff, 0x09, 0x33, 0x5e, 0xff,
  0x09, 0x33, 0x5f, 0xff, 0x09, 0x33, 0x5f, 0xff, 0x09, 0x33, 0x5f, 0xff,
  0x09, 0x33, 0x5f, 0xff, 0x08, 0x33, 0x5f, 0xff, 0x09, 0x33, 0x5f, 0xff,
  0x09, 0x34, 0x5f, 0xff, 0x09, 0x33, 0x5f, 0xff, 0x09, 0x33, 0x5f, 0xff,
  0x08, 0x33, 0x5e, 0xff, 0x09, 0x33, 0x5e, 0xff, 0x09, 0x33, 0x5f, 0xff,
  0x09, 0x33, 0x5f, 0xff, 0x09, 0x33, 0x5e, 0xff, 0x09, 0x33, 0x5e, 0xff,
  0x08, 0x33, 0x5e, 0xff, 0x08, 0x33, 0x5d, 0xff, 0x08, 0x34, 0x5f, 0xff,
  0x09, 0x34, 0x61, 0xff, 0x09, 0x34, 0x60, 0xff, 0x09, 0x33, 0x60, 0xff,
  0x09, 0x34, 0x5f, 0xff, 0x09, 0x33, 0x5f, 0xff, 0x09, 0x34, 0x5f, 0xff,
  0x09, 0x34, 0x60, 0xff, 0x09, 0x34, 0x60, 0xff, 0x09, 0x34, 0x60, 0xff,
  0x09, 0x34, 0x60, 0xff, 0x09, 0x34, 0x60, 0xff, 0x09, 0x34, 0x60, 0xff,
  0x09, 0x34, 0x60, 0xff, 0x09, 0x34, 0x60, 0xff, 0x09, 0x34, 0x60, 0xff,
  0x09, 0x34, 0x60, 0xff, 0x09, 0x33, 0x5f, 0xff, 0x09, 0x34, 0x60, 0xff,
  0x08, 0x34, 0x5f, 0xff, 0x09, 0x34, 0x60, 0xff, 0x09, 0x34, 0x60, 0xff,
  0x09, 0x34, 0x60, 0xff, 0x09, 0x34, 0x60, 0xff, 0x09, 0x34, 0x5f, 0xff,
  0x08, 0x33, 0x5f, 0xff, 0x09, 0x34, 0x60, 0xff, 0x09, 0x34, 0x60, 0xff,
  0x09, 0x34, 0x60, 0xff, 0x09, 0x34, 0x60, 0xff, 0x08, 0x34, 0x60, 0xff,
  0x08, 0x33, 0x60, 0xff, 0x09, 0x34, 0x60, 0xff, 0x09, 0x35, 0x61, 0xff,
  0x09, 0x34, 0x61, 0xff, 0x09, 0x34, 0x60, 0xff, 0x09, 0x34, 0x60, 0xff,
  0x09, 0x34, 0x5f, 0xff, 0x08, 0x34, 0x60, 0xff, 0x08, 0x34, 0x60, 0xff,
  0x09, 0x34, 0x60, 0xff, 0x09, 0x34, 0x60, 0xff, 0x09, 0x34, 0x60, 0xff,
  0x08, 0x33, 0x5f, 0xff, 0x08, 0x33, 0x5f, 0xff, 0x08, 0x33, 0x5f, 0xff,
  0x08, 0x34, 0x60, 0xff, 0x09, 0x34, 0x60, 0xff, 0x09, 0x34, 0x60, 0xff,
  0x09, 0x34, 0x60, 0xff, 0x09, 0x33, 0x5f, 0xff, 0x09, 0x33, 0x5f, 0xff,
  0x09, 0x34, 0x60, 0xff, 0x09, 0x34, 0x5f, 0xff, 0x09, 0x34, 0x60, 0xff,
  0x08, 0x33, 0x60, 0xff, 0x09, 0x33, 0x5f, 0xff, 0x09, 0x34, 0x60, 0xff,
  0x09, 0x34, 0x60, 0xff, 0x09, 0x34, 0x60, 0xff, 0x0a, 0x34, 0x60, 0xff,
  0x0a, 0x34, 0x60, 0xff, 0x09, 0x33, 0x5f, 0xff, 0x08, 0x33, 0x5d, 0xff,
  0x09, 0x35, 0x60, 0xff, 0x09, 0x35, 0x62, 0xff, 0x09, 0x35, 0x61, 0xff,
  0x09, 0x34, 0x61, 0xff, 0x09, 0x35, 0x61, 0xff, 0x09, 0x35, 0x60, 0xff,
  0x09, 0x34, 0x60, 0xff, 0x09, 0x34, 0x61, 0xff, 0x09, 0x35, 0x61, 0xff,
  0x0a, 0x35, 0x61, 0xff, 0x09, 0x35, 0x61, 0xff, 0x09, 0x35, 0x61, 0xff,
  0x09, 0x34, 0x60, 0xff, 0x09, 0x35, 0x61, 0xff, 0x09, 0x34, 0x61, 0xff,
  0x09, 0x34, 0x60, 0xff, 0x09, 0x34, 0x60, 0xff, 0x09, 0x34, 0x61, 0xff,
  0x09, 0x34, 0x61, 0xff, 0x09, 0x34, 0x60, 0xff, 0x09, 0x34, 0x61, 0xff,
  0x09, 0x34, 0x61, 0xff, 0x09, 0x35, 0x61, 0xff, 0x09, 0x35, 0x61, 0xff,
  0x09, 0x35, 0x61, 0xff, 0x09, 0x34, 0x60, 0xff, 0x09, 0x35, 0x61, 0xff,
  0x09, 0x35, 0x61, 0xff, 0x09, 0x35, 0x61, 0xff, 0x09, 0x35, 0x61, 0xff,
  0x09, 0x35, 0x61, 0xff, 0x09, 0x34, 0x61, 0xff, 0x09, 0x35, 0x61, 0xff,
  0x09, 0x35, 0x61, 0xff, 0x09, 0x35, 0x61, 0xff, 0x09, 0x35, 0x61, 0xff,
  0x09, 0x35, 0x61, 0xff, 0x09, 0x34, 0x60, 0xff, 0x09, 0x34, 0x60, 0xff,
  0x09, 0x34, 0x61, 0xff, 0x09, 0x35, 0x62, 0xff, 0x09, 0x35, 0x61, 0xff,
  0x09, 0x34, 0x61, 0xff, 0x08, 0x34, 0x60, 0xff, 0x09, 0x34, 0x60, 0xff,
  0x09, 0x34, 0x61, 0xff, 0x09, 0x34, 0x61, 0xff, 0x09, 0x34, 0x61, 0xff,
  0x09, 0x34, 0x61, 0xff, 0x09, 0x35, 0x61, 0xff, 0x09, 0x34, 0x60, 0xff,
  0x09, 0x35, 0x61, 0xff, 0x09, 0x35, 0x61, 0xff, 0x09, 0x34, 0x60, 0xff,
  0x09, 0x34, 0x60, 0xff, 0x09, 0x34, 0x60, 0xff, 0x09, 0x34, 0x60, 0xff,
  0x09, 0x35, 0x61, 0xff, 0x09, 0x35, 0x61, 0xff, 0x09, 0x35, 0x61, 0xff,
  0x09, 0x35, 0x61, 0xff, 0x0a, 0x35, 0x61, 0xff, 0x09, 0x34, 0x61, 0xff,
  0x09, 0x34, 0x5f, 0xff, 0x09, 0x36, 0x61, 0xff, 0x09, 0x35, 0x62, 0xff,
  0x09, 0x35, 0x62, 0xff, 0x09, 0x36, 0x62, 0xff, 0x09, 0x35, 0x62, 0xff,
  0x09, 0x35, 0x61, 0xff, 0x09, 0x35, 0x62, 0xff, 0x09, 0x35, 0x62, 0xff,
  0x09, 0x35, 0x61, 0xff, 0x09, 0x35, 0x61, 0xff, 0x09, 0x35, 0x62, 0xff,
  0x09, 0x35, 0x62, 0xff, 0x09, 0x35, 0x61, 0xff, 0x09, 0x35, 0x62, 0xff,
  0x09, 0x35, 0x62, 0xff, 0x09, 0x35, 0x62, 0xff, 0x09, 0x35, 0x62, 0xff,
  0x09, 0x35, 0x62, 0xff, 0x09, 0x35, 0x62, 0xff, 0x09, 0x35, 0x62, 0xff,
  0x09, 0x35, 0x63, 0xff, 0x09, 0x36, 0x63, 0xff, 0x09, 0x36, 0x63, 0xff,
  0x09, 0x36, 0x63, 0xff, 0x09, 0x35, 0x62, 0xff, 0x09, 0x35, 0x62, 0xff,
  0x09, 0x36, 0x62, 0xff, 0x09, 0x36, 0x62, 0xff, 0x09, 0x35, 0x63, 0xff,
  0x09, 0x35, 0x62, 0xff, 0x09, 0x35, 0x62, 0xff, 0x09, 0x36, 0x62, 0xff,
  0x09, 0x35, 0x62, 0xff, 0x09, 0x35, 0x62, 0xff, 0x09, 0x35, 0x62, 0xff,
  0x09, 0x35, 0x62, 0xff, 0x09, 0x35, 0x61, 0xff, 0x09, 0x35, 0x61, 0xff,
  0x09, 0x35, 0x62, 0xff, 0x09, 0x35, 0x62, 0xff, 0x09, 0x35, 0x62, 0xff,
  0x09, 0x35, 0x62, 0xff, 0x09, 0x35, 0x62, 0xff, 0x09, 0x35, 0x61, 0xff,
  0x09, 0x35, 0x62, 0xff, 0x09, 0x35, 0x62, 0xff, 0x09, 0x35, 0x62, 0xff,
  0x09, 0x35, 0x62, 0xff, 0x09, 0x35, 0x62, 0xff, 0x09, 0x35, 0x62, 0xff,
  0x09, 0x36, 0x62, 0xff, 0x09, 0x35, 0x62, 0xff, 0x09, 0x35, 0x62, 0xff,
  0x09, 0x35, 0x62, 0xff, 0x09, 0x35, 0x62, 0xff, 0x09, 0x35, 0x62, 0xff,
  0x09, 0x35, 0x61, 0xff, 0x09, 0x35, 0x61, 0xff, 0x09, 0x35, 0x62, 0xff,
  0x09, 0x35, 0x62, 0xff, 0x09, 0x35, 0x62, 0xff, 0x09, 0x35, 0x62, 0xff,
  0x09, 0x35, 0x61, 0xff, 0x08, 0x35, 0x60, 0xff, 0x09, 0x36, 0x62, 0xff,
  0x0a, 0x36, 0x63, 0xff, 0x09, 0x37, 0x64, 0xff, 0x0a, 0x36, 0x64, 0xff,
  0x0a, 0x36, 0x63, 0xff, 0x09, 0x36, 0x63, 0xff, 0x0a, 0x36, 0x63, 0xff,
  0x0a, 0x36, 0x63, 0xff, 0x0a, 0x36, 0x63, 0xff, 0x0a, 0x36, 0x62, 0xff,
  0x09, 0x36, 0x63, 0xff, 0x09, 0x36, 0x63, 0xff, 0x09, 0x35, 0x62, 0xff,
  0x09, 0x36, 0x63, 0xff, 0x09, 0x36, 0x63, 0xff, 0x0a, 0x37, 0x63, 0xff,
  0x0a, 0x36, 0x63, 0xff, 0x0a, 0x36, 0x63, 0xff, 0x0a, 0x36, 0x63, 0xff,
  0x0a, 0x36, 0x63, 0xff, 0x09, 0x37, 0x64, 0xff, 0x0a, 0x37, 0x64, 0xff,
  0x0a, 0x37, 0x64, 0xff, 0x0a, 0x37, 0x64, 0xff, 0x09, 0x36, 0x63, 0xff,
  0x0a, 0x36, 0x62, 0xff, 0x09, 0x36, 0x63, 0xff, 0x09, 0x36, 0x63, 0xff,
  0x09, 0x36, 0x64, 0xff, 0x0a, 0x37, 0x64, 0xff, 0x0a, 0x37, 0x64, 0xff,
  0x0a, 0x36, 0x64, 0xff, 0x09, 0x36, 0x63, 0xff, 0x09, 0x36, 0x64, 0xff,
  0x09, 0x36, 0x63, 0xff, 0x09, 0x36, 0x63, 0xff, 0x09, 0x36, 0x63, 0xff,
  0x09, 0x36, 0x63, 0xff, 0x09, 0x36, 0x63, 0xff, 0x09, 0x36, 0x63, 0xff,
  0x09, 0x36, 0x63, 0xff, 0x09, 0x36, 0x63, 0xff, 0x0a, 0x36, 0x63, 0xff,
  0x09, 0x36, 0x63, 0xff, 0x09, 0x36, 0x63, 0xff, 0x09, 0x36, 0x63, 0xff,
  0x09, 0x36, 0x63, 0xff, 0x09, 0x36, 0x63, 0xff, 0x0a, 0x36, 0x63, 0xff,
  0x0a, 0x36, 0x63, 0xff, 0x0a, 0x37, 0x64, 0xff, 0x0a, 0x36, 0x63, 0xff,
  0x0a, 0x36, 0x63, 0xff, 0x09, 0x36, 0x63, 0xff, 0x09, 0x36, 0x63, 0xff,
  0x0a, 0x36, 0x63, 0xff, 0x0a, 0x36, 0x63, 0xff, 0x0a, 0x36, 0x63, 0xff,
  0x09, 0x36, 0x63, 0xff, 0x0a, 0x36, 0x63, 0xff, 0x0a, 0x36, 0x63, 0xff,
  0x0a, 0x36, 0x62, 0xff, 0x09, 0x36, 0x62, 0xff, 0x09, 0x36, 0x61, 0xff,
  0x0a, 0x37, 0x63, 0xff, 0x0a, 0x37, 0x64, 0xff, 0x0a, 0x37, 0x65, 0xff,
  0x0a, 0x38, 0x65, 0xff, 0x0a, 0x37, 0x64, 0xff, 0x0a, 0x37, 0x64, 0xff,
  0x0a, 0x37, 0x64, 0xff, 0x0a, 0x37, 0x64, 0xff, 0x0a, 0x36, 0x64, 0xff,
  0x0a, 0x37, 0x64, 0xff, 0x0a, 0x37, 0x64, 0xff, 0x0a, 0x36, 0x64, 0xff,
  0x0a, 0x36, 0x64, 0xff, 0x0a, 0x37, 0x64, 0xff, 0x0a, 0x37, 0x64, 0xff,
  0x0a, 0x37, 0x65, 0xff, 0x0a, 0x38, 0x65, 0xff, 0x0a, 0x37, 0x64, 0xff,
  0x0a, 0x37, 0x65, 0xff, 0x0a, 0x37, 0x64, 0xff, 0x0a, 0x37, 0x65, 0xff,
  0x0a, 0x37, 0x65, 0xff, 0x0a, 0x37, 0x65, 0xff, 0x0a, 0x37, 0x65, 0xff,
  0x0a, 0x37, 0x64, 0xff, 0x0a, 0x37, 0x64, 0xff, 0x0a, 0x36, 0x64, 0xff,
  0x0a, 0x36, 0x64, 0xff, 0x0a, 0x37, 0x64, 0xff, 0x0a, 0x37, 0x65, 0xff,
  0x0a, 0x37, 0x65, 0xff, 0x0a, 0x37, 0x64, 0xff, 0x0a, 0x37, 0x64, 0xff,
  0x0a, 0x37, 0x65, 0xff, 0x0a, 0x37, 0x65, 0xff, 0x0a, 0x37, 0x64, 0xff,
  0x0a, 0x37, 0x64, 0xff, 0x0a, 0x37, 0x64, 0xff, 0x0a, 0x37, 0x64, 0xff,
  0x0a, 0x36, 0x63, 0xff, 0x09, 0x36, 0x64, 0xff, 0x0a, 0x36, 0x64, 0xff,
  0x0a, 0x37, 0x64, 0xff, 0x0a, 0x37, 0x64, 0xff, 0x0a, 0x37, 0x64, 0xff,
  0x0a, 0x37, 0x64, 0xff, 0x0a, 0x37, 0x64, 0xff, 0x0a, 0x37, 0x65, 0xff,
  0x0a, 0x37, 0x65, 0xff, 0x0a, 0x37, 0x64, 0xff, 0x0a, 0x37, 0x64, 0xff,
  0x0a, 0x37, 0x64, 0xff, 0x0a, 0x36, 0x64, 0xff, 0x0a, 0x37, 0x64, 0xff,
  0x0a, 0x37, 0x64, 0xff, 0x0a, 0x36, 0x64, 0xff, 0x0a, 0x37, 0x64, 0xff,
  0x0a, 0x37, 0x64, 0xff, 0x0a, 0x37, 0x64, 0xff, 0x0a, 0x36, 0x64, 0xff,
  0x0a, 0x36, 0x64, 0xff, 0x0a, 0x36, 0x64, 0xff, 0x09, 0x36, 0x63, 0xff,
  0x09, 0x36, 0x62, 0xff, 0x0a, 0x38, 0x64, 0xff, 0x0a, 0x37, 0x65, 0xff,
  0x0a, 0x37, 0x65, 0xff, 0x0a, 0x38, 0x65, 0xff, 0x0a, 0x38, 0x65, 0xff,
  0x0a, 0x38, 0x65, 0xff, 0x0a, 0x37, 0x65, 0xff, 0x0a, 0x38, 0x65, 0xff,
  0x0a, 0x37, 0x65, 0xff, 0x0a, 0x37, 0x65, 0xff, 0x0a, 0x37, 0x65, 0xff,
  0x0a, 0x37, 0x65, 0xff, 0x0a, 0x37, 0x65, 0xff, 0x0a, 0x38, 0x66, 0xff,
  0x0a, 0x38, 0x66, 0xff, 0x0a, 0x38, 0x66, 0xff, 0x0a, 0x38, 0x66, 0xff,
  0x0a, 0x38, 0x66, 0xff, 0x0a, 0x38, 0x66, 0xff, 0x0a, 0x38, 0x66, 0xff,
  0x0a, 0x38, 0x65, 0xff, 0x0a, 0x37, 0x65, 0xff, 0x0a, 0x37, 0x65, 0xff,
  0x0a, 0x38, 0x65, 0xff, 0x0b, 0x38, 0x65, 0xff, 0x0a, 0x38, 0x65, 0xff,
  0x0a, 0x38, 0x65, 0xff, 0x0a, 0x37, 0x65, 0xff, 0x0a, 0x37, 0x65, 0xff,
  0x0a, 0x37, 0x66, 0xff, 0x0a, 0x37, 0x65, 0xff, 0x0a, 0x37, 0x65, 0xff,
  0x0a, 0x38, 0x66, 0xff, 0x0a, 0x38, 0x65, 0xff, 0x0a, 0x38, 0x66, 0xff,
  0x0a, 0x38, 0x66, 0xff, 0x0a, 0x38, 0x65, 0xff, 0x0a, 0x37, 0x64, 0xff,
  0x09, 0x37, 0x64, 0xff, 0x09, 0x36, 0x64, 0xff, 0x0a, 0x37, 0x64, 0xff,
  0x0a, 0x37, 0x65, 0xff, 0x0a, 0x38, 0x65, 0xff, 0x0a, 0x38, 0x66, 0xff,
  0x0a, 0x37, 0x65, 0xff, 0x0a, 0x37, 0x65, 0xff, 0x0a, 0x38, 0x65, 0xff,
  0x0a, 0x38, 0x66, 0xff, 0x0a, 0x38, 0x66, 0xff, 0x0a, 0x38, 0x66, 0xff,
  0x0a, 0x38, 0x65, 0xff, 0x0a, 0x38, 0x65, 0xff, 0x0a, 0x38, 0x65, 0xff,
  0x0a, 0x38, 0x66, 0xff, 0x0a, 0x38, 0x65, 0xff, 0x0a, 0x37, 0x65, 0xff,
  0x0a, 0x37, 0x65, 0xff, 0x0a, 0x37, 0x65, 0xff, 0x0a, 0x37, 0x64, 0xff,
  0x0a, 0x37, 0x64, 0xff, 0x0a, 0x37, 0x65, 0xff, 0x0a, 0x37, 0x64, 0xff,
  0x0a, 0x36, 0x64, 0xff, 0x0a, 0x37, 0x62, 0xff, 0x07, 0x35, 0x61, 0xff,
  0x0b, 0x38, 0x65, 0xff, 0x0a, 0x38, 0x65, 0xff, 0x0a, 0x38, 0x66, 0xff,
  0x0a, 0x39, 0x66, 0xff, 0x0b, 0x39, 0x66, 0xff, 0x0b, 0x39, 0x67, 0xff,
  0x0b, 0x39, 0x66, 0xff, 0x0a, 0x38, 0x65, 0xff, 0x0b, 0x38, 0x65, 0xff,
  0x0a, 0x38, 0x65, 0xff, 0x0a, 0x37, 0x65, 0xff, 0x0a, 0x37, 0x65, 0xff,
  0x0a, 0x38, 0x66, 0xff, 0x0a, 0x39, 0x66, 0xff, 0x0b, 0x39, 0x67, 0xff,
  0x0b, 0x39, 0x67, 0xff, 0x0a, 0x39, 0x66, 0xff, 0x0a, 0x38, 0x66, 0xff,
  0x0a, 0x38, 0x66, 0xff, 0x0a, 0x38, 0x67, 0xff, 0x0a, 0x38, 0x67, 0xff,
  0x0a, 0x38, 0x66, 0xff, 0x0b, 0x38, 0x66, 0xff, 0x0b, 0x38, 0x66, 0xff,
  0x0a, 0x38, 0x66, 0xff, 0x0a, 0x38, 0x66, 0xff, 0x0a, 0x38, 0x66, 0xff,
  0x0a, 0x38, 0x66, 0xff, 0x0a, 0x38, 0x66, 0xff, 0x0a, 0x38, 0x66, 0xff,
  0x0a, 0x38, 0x66, 0xff, 0x0a, 0x38, 0x66, 0xff, 0x0a, 0x38, 0x66, 0xff,
  0x0a, 0x38, 0x66, 0xff, 0x0a, 0x38, 0x66, 0xff, 0x0a, 0x38, 0x66, 0xff,
  0x0a, 0x38, 0x66, 0xff, 0x0a, 0x37, 0x65, 0xff, 0x0a, 0x37, 0x65, 0xff,
  0x0a, 0x37, 0x65, 0xff, 0x0a, 0x38, 0x66, 0xff, 0x0a, 0x38, 0x66, 0xff,
  0x0a, 0x38, 0x66, 0xff, 0x0a, 0x39, 0x66, 0xff, 0x0a, 0x38, 0x66, 0xff,
  0x0a, 0x38, 0x66, 0xff, 0x0a, 0x38, 0x67, 0xff, 0x0a, 0x38, 0x66, 0xff,
  0x0b, 0x38, 0x66, 0xff, 0x0a, 0x38, 0x66, 0xff, 0x0a, 0x38, 0x66, 0xff,
  0x0b, 0x38, 0x66, 0xff, 0x0a, 0x38, 0x66, 0xff, 0x0a, 0x38, 0x66, 0xff,
  0x0a, 0x38, 0x66, 0xff, 0x0b, 0x38, 0x66, 0xff, 0x0b, 0x38, 0x66, 0xff,
  0x0a, 0x38, 0x65, 0xff, 0x0a, 0x38, 0x66, 0xff, 0x0a, 0x38, 0x66, 0xff,
  0x0a, 0x38, 0x65, 0xff, 0x0a, 0x37, 0x64, 0xff, 0x07, 0x34, 0x60, 0xff,
  0x31, 0x58, 0x7f, 0xff, 0x07, 0x35, 0x64, 0xff, 0x0a, 0x39, 0x67, 0xff,
  0x0a, 0x39, 0x67, 0xff, 0x0a, 0x39, 0x67, 0xff, 0x0a, 0x39, 0x67, 0xff,
  0x0b, 0x39, 0x67, 0xff, 0x0b, 0x3a, 0x68, 0xff, 0x0b, 0x39, 0x66, 0xff,
  0x0a, 0x39, 0x67, 0xff, 0x0a, 0x39, 0x67, 0xff, 0x0a, 0x38, 0x67, 0xff,
  0x0a, 0x38, 0x66, 0xff, 0x0a, 0x38, 0x67, 0xff, 0x0a, 0x39, 0x67, 0xff,
  0x0a, 0x39, 0x67, 0xff, 0x0a, 0x39, 0x67, 0xff, 0x0a, 0x39, 0x67, 0xff,
  0x0a, 0x38, 0x66, 0xff, 0x0a, 0x38, 0x66, 0xff, 0x0a, 0x39, 0x67, 0xff,
  0x0a, 0x39, 0x67, 0xff, 0x0a, 0x39, 0x67, 0xff, 0x0b, 0x39, 0x67, 0xff,
  0x0b, 0x39, 0x67, 0xff, 0x0a, 0x39, 0x67, 0xff, 0x0a, 0x38, 0x67, 0xff,
  0x0a, 0x38, 0x66, 0xff, 0x0a, 0x38, 0x67, 0xff, 0x0a, 0x38, 0x66, 0xff,
  0x0a, 0x38, 0x67, 0xff, 0x0a, 0x38, 0x67, 0xff, 0x0a, 0x38, 0x67, 0xff,
  0x0a, 0x39, 0x67, 0xff, 0x0a, 0x39, 0x67, 0xff, 0x0a, 0x38, 0x67, 0xff,
  0x0a, 0x39, 0x67, 0xff, 0x0a, 0x39, 0x67, 0xff, 0x0a, 0x38, 0x67, 0xff,
  0x0a, 0x38, 0x66, 0xff, 0x0a, 0x38, 0x66, 0xff, 0x0a, 0x38, 0x67, 0xff,
  0x09, 0x38, 0x67, 0xff, 0x0a, 0x38, 0x67, 0xff, 0x0a, 0x39, 0x67, 0xff,
  0x0a, 0x39, 0x68, 0xff, 0x0b, 0x39, 0x67, 0xff, 0x0b, 0x39, 0x68, 0xff,
  0x0a, 0x39, 0x67, 0xff, 0x0a, 0x38, 0x67, 0xff, 0x0a, 0x38, 0x67, 0xff,
  0x0a, 0x39, 0x67, 0xff, 0x0a, 0x39, 0x67, 0xff, 0x0a, 0x39, 0x67, 0xff,
  0x0a, 0x39, 0x67, 0xff, 0x0a, 0x39, 0x67, 0xff, 0x0a, 0x39, 0x67, 0xff,
  0x0a, 0x39, 0x67, 0xff, 0x0a, 0x38, 0x67, 0xff, 0x0a, 0x38, 0x66, 0xff,
  0x0a, 0x38, 0x66, 0xff, 0x0a, 0x38, 0x67, 0xff, 0x06, 0x35, 0x63, 0xff,
  0x33, 0x5a, 0x7e, 0xff, 0x96, 0xab, 0xbf, 0xff, 0x00, 0x30, 0x5f, 0xff,
  0x0a, 0x39, 0x67, 0xff, 0x0a, 0x3a, 0x68, 0xff, 0x0b, 0x39, 0x68, 0xff,
  0x0a, 0x39, 0x67, 0xff, 0x0b, 0x3a, 0x68, 0xff, 0x0b, 0x3b, 0x69, 0xff,
  0x0b, 0x3a, 0x69, 0xff, 0x0a, 0x3a, 0x68, 0xff, 0x0a, 0x39, 0x68, 0xff,
  0x0a, 0x39, 0x67, 0xff, 0x0a, 0x39, 0x67, 0xff, 0x0a, 0x39, 0x68, 0xff,
  0x0a, 0x39, 0x68, 0xff, 0x0a, 0x3a, 0x69, 0xff, 0x0b, 0x3a, 0x69, 0xff,
  0x0a, 0x3a, 0x68, 0xff, 0x0a, 0x39, 0x68, 0xff, 0x0a, 0x39, 0x68, 0xff,
  0x0a, 0x39, 0x68, 0xff, 0x0a, 0x39, 0x68, 0xff, 0x0a, 0x39, 0x68, 0xff,
  0x0b, 0x3a, 0x68, 0xff, 0x0b, 0x3a, 0x69, 0xff, 0x0a, 0x39, 0x68, 0xff,
  0x0a, 0x39, 0x68, 0xff, 0x0a, 0x39, 0x67, 0xff, 0x0a, 0x39, 0x67, 0xff,
  0x0a, 0x39, 0x68, 0xff, 0x0a, 0x39, 0x68, 0xff, 0x0b, 0x3a, 0x69, 0xff,
  0x0b, 0x3a, 0x69, 0xff, 0x0b, 0x3a, 0x69, 0xff, 0x0a, 0x3a, 0x68, 0xff,
  0x0b, 0x3a, 0x68, 0xff, 0x0b, 0x39, 0x68, 0xff, 0x0a, 0x3a, 0x68, 0xff,
  0x0a, 0x3a, 0x68, 0xff, 0x0b, 0x39, 0x68, 0xff, 0x0a, 0x39, 0x68, 0xff,
  0x0a, 0x39, 0x68, 0xff, 0x0a, 0x39, 0x68, 0xff, 0x0a, 0x38, 0x67, 0xff,
  0x0a, 0x39, 0x68, 0xff, 0x0b, 0x3a, 0x69, 0xff, 0x0b, 0x3a, 0x68, 0xff,
  0x0b, 0x3a, 0x68, 0xff, 0x0b, 0x3a, 0x68, 0xff, 0x0a, 0x3a, 0x68, 0xff,
  0x0b, 0x3a, 0x68, 0xff, 0x0b, 0x39, 0x68, 0xff, 0x0a, 0x39, 0x68, 0xff,
  0x0a, 0x39, 0x68, 0xff, 0x0a, 0x3a, 0x69, 0xff, 0x0a, 0x39, 0x68, 0xff,
  0x0a, 0x39, 0x67, 0xff, 0x0a, 0x39, 0x68, 0xff, 0x0a, 0x39, 0x67, 0xff,
  0x0a, 0x39, 0x67, 0xff, 0x0a, 0x39, 0x68, 0xff, 0x0a, 0x39, 0x68, 0xff,
  0x00, 0x30, 0x60, 0xff, 0x95, 0xaa, 0xbd, 0xff, 0xcb, 0xd5, 0xdf, 0xff,
  0x0a, 0x38, 0x66, 0xff, 0x0a, 0x39, 0x67, 0xff, 0x0b, 0x3a, 0x68, 0xff,
  0x0b, 0x3a, 0x69, 0xff, 0x0b, 0x3a, 0x69, 0xff, 0x0b, 0x3a, 0x69, 0xff,
  0x0b, 0x3a, 0x69, 0xff, 0x0b, 0x3a, 0x69, 0xff, 0x0b, 0x3a, 0x69, 0xff,
  0x0b, 0x3a, 0x69, 0xff, 0x0a, 0x3a, 0x68, 0xff, 0x0a, 0x3a, 0x68, 0xff,
  0x0b, 0x3a, 0x69, 0xff, 0x0b, 0x3a, 0x69, 0xff, 0x0b, 0x3b, 0x6a, 0xff,
  0x0b, 0x3b, 0x6a, 0xff, 0x0b, 0x3a, 0x69, 0xff, 0x0b, 0x3a, 0x69, 0xff,
  0x0a, 0x3a, 0x69, 0xff, 0x0b, 0x3a, 0x69, 0xff, 0x0a, 0x3a, 0x6a, 0xff,
  0x0b, 0x3b, 0x6a, 0xff, 0x0b, 0x3b, 0x6a, 0xff, 0x0b, 0x3b, 0x6a, 0xff,
  0x0b, 0x3a, 0x69, 0xff, 0x0a, 0x3a, 0x69, 0xff, 0x0b, 0x3a, 0x68, 0xff,
  0x0b, 0x3a, 0x69, 0xff, 0x0b, 0x3a, 0x69, 0xff, 0x0b, 0x3a, 0x69, 0xff,
  0x0a, 0x3a, 0x6a, 0xff, 0x0a, 0x3b, 0x6a, 0xff, 0x0b, 0x3b, 0x6a, 0xff,
  0x0b, 0x3a, 0x69, 0xff, 0x0b, 0x3a, 0x69, 0xff, 0x0a, 0x3a, 0x69, 0xff,
  0x0a, 0x3a, 0x69, 0xff, 0x0a, 0x3a, 0x69, 0xff, 0x0b, 0x3a, 0x69, 0xff,
  0x0b, 0x3a, 0x69, 0xff, 0x0a, 0x3a, 0x69, 0xff, 0x0b, 0x3a, 0x69, 0xff,
  0x0a, 0x3a, 0x69, 0xff, 0x0a, 0x3a, 0x69, 0xff, 0x0a, 0x3a, 0x69, 0xff,
  0x0b, 0x39, 0x68, 0xff, 0x0b, 0x3a, 0x69, 0xff, 0x0b, 0x3a, 0x69, 0xff,
  0x0b, 0x3a, 0x6a, 0xff, 0x0b, 0x3a, 0x69, 0xff, 0x0b, 0x3a, 0x69, 0xff,
  0x0a, 0x39, 0x68, 0xff, 0x0a, 0x3a, 0x69, 0xff, 0x0b, 0x3a, 0x69, 0xff,
  0x0a, 0x3a, 0x69, 0xff, 0x0a, 0x39, 0x68, 0xff, 0x0a, 0x39, 0x68, 0xff,
  0x0b, 0x3a, 0x69, 0xff, 0x0b, 0x3a, 0x69, 0xff, 0x0b, 0x3a, 0x68, 0xff,
  0x0a, 0x38, 0x67, 0xff, 0x0a, 0x38, 0x66, 0xff, 0xcc, 0xd5, 0xdf, 0xff,
  0xf9, 0xfa, 0xfb, 0xff, 0x3a, 0x5f, 0x85, 0xff, 0x04, 0x34, 0x64, 0xff,
  0x0b, 0x3b, 0x6a, 0xff, 0x0b, 0x3b, 0x6a, 0xff, 0x0b, 0x3b, 0x6a, 0xff,
  0x0b, 0x3b, 0x6a, 0xff, 0x0b, 0x3b, 0x6a, 0xff, 0x0b, 0x3b, 0x6a, 0xff,
  0x0b, 0x3b, 0x6a, 0xff, 0x0b, 0x3b, 0x6b, 0xff, 0x0b, 0x3b, 0x6a, 0xff,
  0x0b, 0x3b, 0x6a, 0xff, 0x0b, 0x3b, 0x6a, 0xff, 0x0b, 0x3b, 0x6a, 0xff,
  0x0b, 0x3b, 0x6b, 0xff, 0x0b, 0x3b, 0x6b, 0xff, 0x0b, 0x3b, 0x6b, 0xff,
  0x0b, 0x3b, 0x6a, 0xff, 0x0b, 0x3b, 0x6b, 0xff, 0x0c, 0x3c, 0x6b, 0xff,
  0x0b, 0x3b, 0x6b, 0xff, 0x0b, 0x3c, 0x6c, 0xff, 0x0b, 0x3b, 0x6a, 0xff,
  0x0a, 0x3a, 0x6a, 0xff, 0x0b, 0x3b, 0x6a, 0xff, 0x0b, 0x3a, 0x6a, 0xff,
  0x0b, 0x3b, 0x6a, 0xff, 0x0b, 0x3b, 0x6b, 0xff, 0x0b, 0x3b, 0x6b, 0xff,
  0x0b, 0x3b, 0x6b, 0xff, 0x0a, 0x3b, 0x6b, 0xff, 0x0b, 0x3c, 0x6b, 0xff,
  0x0b, 0x3b, 0x6b, 0xff, 0x0b, 0x3b, 0x6b, 0xff, 0x0b, 0x3b, 0x6a, 0xff,
  0x0b, 0x3b, 0x6a, 0xff, 0x0a, 0x3b, 0x6b, 0xff, 0x0b, 0x3b, 0x6b, 0xff,
  0x0a, 0x3b, 0x6a, 0xff, 0x0b, 0x3b, 0x6a, 0xff, 0x0b, 0x3a, 0x6a, 0xff,
  0x0a, 0x3b, 0x6a, 0xff, 0x0b, 0x3b, 0x6a, 0xff, 0x0b, 0x3b, 0x6a, 0xff,
  0x0b, 0x3b, 0x6a, 0xff, 0x0b, 0x3a, 0x69, 0xff, 0x0b, 0x3b, 0x6a, 0xff,
  0x0c, 0x3b, 0x6b, 0xff, 0x0c, 0x3b, 0x6b, 0xff, 0x0b, 0x3b, 0x6a, 0xff,
  0x0b, 0x3b, 0x69, 0xff, 0x0b, 0x3a, 0x69, 0xff, 0x0b, 0x3a, 0x6a, 0xff,
  0x0b, 0x3b, 0x6a, 0xff, 0x0b, 0x3b, 0x6a, 0xff, 0x0b, 0x3b, 0x6a, 0xff,
  0x0b, 0x3b, 0x6a, 0xff, 0x0b, 0x3b, 0x6b, 0xff, 0x0b, 0x3a, 0x6a, 0xff,
  0x0b, 0x3a, 0x69, 0xff, 0x03, 0x34, 0x64, 0xff, 0x3b, 0x61, 0x85, 0xff,
  0xf9, 0xfa, 0xfb, 0xff, 0xff, 0xff, 0xff, 0xff, 0xa7, 0xb8, 0xc9, 0xff,
  0x02, 0x32, 0x63, 0xff, 0x0a, 0x3b, 0x6a, 0xff, 0x0b, 0x3b, 0x6a, 0xff,
  0x0b, 0x3b, 0x6a, 0xff, 0x0b, 0x3b, 0x6b, 0xff, 0x0b, 0x3b, 0x6b, 0xff,
  0x0b, 0x3b, 0x6a, 0xff, 0x0b, 0x3b, 0x6a, 0xff, 0x0b, 0x3c, 0x6b, 0xff,
  0x0b, 0x3c, 0x6b, 0xff, 0x0b, 0x3c, 0x6b, 0xff, 0x0b, 0x3c, 0x6c, 0xff,
  0x0b, 0x3c, 0x6c, 0xff, 0x0b, 0x3c, 0x6c, 0xff, 0x0b, 0x3c, 0x6b, 0xff,
  0x0b, 0x3b, 0x6b, 0xff, 0x0b, 0x3c, 0x6c, 0xff, 0x0c, 0x3c, 0x6c, 0xff,
  0x0b, 0x3c, 0x6c, 0xff, 0x0b, 0x3c, 0x6c, 0xff, 0x0b, 0x3c, 0x6c, 0xff,
  0x0b, 0x3c, 0x6b, 0xff, 0x0b, 0x3b, 0x6b, 0xff, 0x0b, 0x3c, 0x6b, 0xff,
  0x0b, 0x3b, 0x6b, 0xff, 0x0b, 0x3b, 0x6b, 0xff, 0x0b, 0x3b, 0x6b, 0xff,
  0x0b, 0x3c, 0x6b, 0xff, 0x0b, 0x3c, 0x6b, 0xff, 0x0b, 0x3c, 0x6b, 0xff,
  0x0b, 0x3c, 0x6c, 0xff, 0x0b, 0x3c, 0x6c, 0xff, 0x0b, 0x3c, 0x6c, 0xff,
  0x0c, 0x3c, 0x6c, 0xff, 0x0b, 0x3c, 0x6b, 0xff, 0x0b, 0x3b, 0x6b, 0xff,
  0x0b, 0x3b, 0x6b, 0xff, 0x0b, 0x3b, 0x6b, 0xff, 0x0b, 0x3b, 0x6b, 0xff,
  0x0b, 0x3b, 0x6b, 0xff, 0x0c, 0x3c, 0x6b, 0xff, 0x0b, 0x3c, 0x6b, 0xff,
  0x0b, 0x3b, 0x6b, 0xff, 0x0b, 0x3b, 0x6b, 0xff, 0x0b, 0x3c, 0x6b, 0xff,
  0x0c, 0x3c, 0x6b, 0xff, 0x0c, 0x3c, 0x6c, 0xff, 0x0b, 0x3c, 0x6b, 0xff,
  0x0b, 0x3b, 0x6a, 0xff, 0x0b, 0x3b, 0x6a, 0xff, 0x0b, 0x3b, 0x6a, 0xff,
  0x0b, 0x3b, 0x6b, 0xff, 0x0b, 0x3b, 0x6a, 0xff, 0x0b, 0x3c, 0x6b, 0xff,
  0x0b, 0x3c, 0x6b, 0xff, 0x0b, 0x3b, 0x6a, 0xff, 0x0b, 0x3c, 0x6b, 0xff,
  0x0b, 0x3b, 0x6b, 0xff, 0x0a, 0x3a, 0x6a, 0xff, 0x02, 0x33, 0x64, 0xff,
  0xa9, 0xba, 0xca, 0xff, 0xff, 0xff, 0xff, 0xff, 0xfe, 0xfe, 0xfe, 0xff,
  0xfc, 0xfc, 0xfd, 0xff, 0x58, 0x78, 0x98, 0xff, 0x00, 0x31, 0x62, 0xff,
  0x0b, 0x3c, 0x6b, 0xff, 0x0b, 0x3c, 0x6b, 0xff, 0x0b, 0x3b, 0x6b, 0xff,
  0x0b, 0x3c, 0x6c, 0xff, 0x0b, 0x3c, 0x6c, 0xff, 0x0b, 0x3c, 0x6b, 0xff,
  0x0b, 0x3c, 0x6b, 0xff, 0x0b, 0x3c, 0x6c, 0xff, 0x0b, 0x3c, 0x6d, 0xff,
  0x0b, 0x3d, 0x6d, 0xff, 0x0b, 0x3d, 0x6d, 0xff, 0x0b, 0x3c, 0x6d, 0xff,
  0x0b, 0x3c, 0x6c, 0xff, 0x0b, 0x3c, 0x6c, 0xff, 0x0b, 0x3c, 0x6c, 0xff,
  0x0b, 0x3c, 0x6d, 0xff, 0x0b, 0x3c, 0x6d, 0xff, 0x0b, 0x3c, 0x6c, 0xff,
  0x0b, 0x3c, 0x6c, 0xff, 0x0b, 0x3c, 0x6c, 0xff, 0x0b, 0x3c, 0x6c, 0xff,
  0x0c, 0x3c, 0x6c, 0xff, 0x0b, 0x3c, 0x6d, 0xff, 0x0b, 0x3c, 0x6c, 0xff,
  0x0b, 0x3b, 0x6c, 0xff, 0x0b, 0x3c, 0x6c, 0xff, 0x0b, 0x3c, 0x6c, 0xff,
  0x0b, 0x3c, 0x6c, 0xff, 0x0b, 0x3c, 0x6d, 0xff, 0x0c, 0x3d, 0x6d, 0xff,
  0x0b, 0x3c, 0x6d, 0xff, 0x0b, 0x3c, 0x6d, 0xff, 0x0c, 0x3c, 0x6c, 0xff,
  0x0b, 0x3c, 0x6c, 0xff, 0x0b, 0x3b, 0x6c, 0xff, 0x0b, 0x3c, 0x6c, 0xff,
  0x0b, 0x3c, 0x6d, 0xff, 0x0b, 0x3c, 0x6d, 0xff, 0x0b, 0x3c, 0x6c, 0xff,
  0x0b, 0x3c, 0x6d, 0xff, 0x0b, 0x3c, 0x6c, 0xff, 0x0b, 0x3c, 0x6c, 0xff,
  0x0b, 0x3c, 0x6c, 0xff, 0x0c, 0x3d, 0x6d, 0xff, 0x0c, 0x3d, 0x6d, 0xff,
  0x0b, 0x3c, 0x6d, 0xff, 0x0b, 0x3c, 0x6c, 0xff, 0x0b, 0x3b, 0x6b, 0xff,
  0x0b, 0x3b, 0x6b, 0xff, 0x0b, 0x3c, 0x6b, 0xff, 0x0b, 0x3c, 0x6b, 0xff,
  0x0b, 0x3c, 0x6c, 0xff, 0x0b, 0x3c, 0x6c, 0xff, 0x0b, 0x3b, 0x6c, 0xff,
  0x0b, 0x3b, 0x6c, 0xff, 0x0b, 0x3b, 0x6b, 0xff, 0x00, 0x31, 0x63, 0xff,
  0x59, 0x79, 0x99, 0xff, 0xfc, 0xfc, 0xfd, 0xff, 0xfe, 0xfe, 0xfe, 0xff,
  0xfe, 0xfd, 0xfe, 0xff, 0xff, 0xff, 0xff, 0xff, 0xeb, 0xef, 0xf3, 0xff,
  0x3f, 0x64, 0x8a, 0xff, 0x00, 0x32, 0x64, 0xff, 0x0a, 0x3c, 0x6c, 0xff,
  0x0b, 0x3c, 0x6c, 0xff, 0x0b, 0x3c, 0x6d, 0xff, 0x0b, 0x3d, 0x6d, 0xff,
  0x0b, 0x3d, 0x6d, 0xff, 0x0b, 0x3c, 0x6d, 0xff, 0x0b, 0x3c, 0x6d, 0xff,
  0x0b, 0x3d, 0x6d, 0xff, 0x0c, 0x3d, 0x6d, 0xff, 0x0b, 0x3d, 0x6d, 0xff,
  0x0b, 0x3d, 0x6d, 0xff, 0x0b, 0x3c, 0x6d, 0xff, 0x0b, 0x3c, 0x6c, 0xff,
  0x0b, 0x3c, 0x6c, 0xff, 0x0b, 0x3d, 0x6e, 0xff, 0x0b, 0x3d, 0x6d, 0xff,
  0x0b, 0x3d, 0x6d, 0xff, 0x0b, 0x3c, 0x6d, 0xff, 0x0b, 0x3c, 0x6d, 0xff,
  0x0b, 0x3d, 0x6d, 0xff, 0x0c, 0x3d, 0x6e, 0xff, 0x0b, 0x3d, 0x6e, 0xff,
  0x0b, 0x3c, 0x6d, 0xff, 0x0b, 0x3d, 0x6d, 0xff, 0x0c, 0x3d, 0x6e, 0xff,
  0x0b, 0x3d, 0x6d, 0xff, 0x0b, 0x3d, 0x6d, 0xff, 0x0b, 0x3d, 0x6e, 0xff,
  0x0b, 0x3d, 0x6e, 0xff, 0x0b, 0x3d, 0x6d, 0xff, 0x0b, 0x3d, 0x6e, 0xff,
  0x0b, 0x3d, 0x6e, 0xff, 0x0b, 0x3d, 0x6e, 0xff, 0x0b, 0x3d, 0x6e, 0xff,
  0x0b, 0x3d, 0x6e, 0xff, 0x0b, 0x3d, 0x6e, 0xff, 0x0b, 0x3d, 0x6d, 0xff,
  0x0b, 0x3d, 0x6d, 0xff, 0x0b, 0x3c, 0x6d, 0xff, 0x0b, 0x3c, 0x6d, 0xff,
  0x0b, 0x3c, 0x6d, 0xff, 0x0b, 0x3d, 0x6d, 0xff, 0x0c, 0x3d, 0x6e, 0xff,
  0x0c, 0x3e, 0x6e, 0xff, 0x0b, 0x3d, 0x6e, 0xff, 0x0b, 0x3d, 0x6e, 0xff,
  0x0b, 0x3d, 0x6d, 0xff, 0x0b, 0x3c, 0x6d, 0xff, 0x0b, 0x3c, 0x6c, 0xff,
  0x0b, 0x3c, 0x6d, 0xff, 0x0b, 0x3c, 0x6d, 0xff, 0x0b, 0x3c, 0x6d, 0xff,
  0x0b, 0x3c, 0x6c, 0xff, 0x0a, 0x3b, 0x6b, 0xff, 0x00, 0x31, 0x64, 0xff,
  0x40, 0x65, 0x8a, 0xff, 0xeb, 0xef, 0xf3, 0xff, 0xff, 0xff, 0xff, 0xff,
  0xfe, 0xfe, 0xfe, 0xff, 0xfd, 0xfd, 0xfd, 0xff, 0xfe, 0xfe, 0xfe, 0xff,
  0xff, 0xff, 0xff, 0xff, 0xeb, 0xef, 0xf3, 0xff, 0x59, 0x79, 0x9a, 0xff,
  0x02, 0x34, 0x66, 0xff, 0x04, 0x36, 0x68, 0xff, 0x0a, 0x3b, 0x6d, 0xff,
  0x0b, 0x3d, 0x6d, 0xff, 0x0c, 0x3d, 0x6e, 0xff, 0x0c, 0x3d, 0x6e, 0xff,
  0x0b, 0x3d, 0x6f, 0xff, 0x0c, 0x3d, 0x6e, 0xff, 0x0b, 0x3d, 0x6f, 0xff,
  0x0b, 0x3d, 0x6e, 0xff, 0x0c, 0x3d, 0x6f, 0xff, 0x0b, 0x3d, 0x6e, 0xff,
  0x0b, 0x3d, 0x6e, 0xff, 0x0b, 0x3d, 0x6e, 0xff, 0x0b, 0x3d, 0x6f, 0xff,
  0x0b, 0x3d, 0x6f, 0xff, 0x0b, 0x3d, 0x6f, 0xff, 0x0b, 0x3d, 0x6e, 0xff,
  0x0c, 0x3d, 0x6e, 0xff, 0x0b, 0x3d, 0x6e, 0xff, 0x0b, 0x3e, 0x6f, 0xff,
  0x0c, 0x3e, 0x6f, 0xff, 0x0b, 0x3d, 0x6f, 0xff, 0x0b, 0x3d, 0x6e, 0xff,
  0x0b, 0x3d, 0x6e, 0xff, 0x0b, 0x3d, 0x6f, 0xff, 0x0b, 0x3d, 0x6e, 0xff,
  0x0b, 0x3d, 0x6e, 0xff, 0x0a, 0x3c, 0x6e, 0xff, 0x0b, 0x3d, 0x6e, 0xff,
  0x0b, 0x3d, 0x6e, 0xff, 0x0b, 0x3d, 0x6e, 0xff, 0x0c, 0x3d, 0x6f, 0xff,
  0x0c, 0x3d, 0x6f, 0xff, 0x0b, 0x3e, 0x70, 0xff, 0x0b, 0x3d, 0x6f, 0xff,
  0x0b, 0x3d, 0x6f, 0xff, 0x0b, 0x3d, 0x6f, 0xff, 0x0b, 0x3d, 0x6e, 0xff,
  0x0b, 0x3d, 0x6e, 0xff, 0x0b, 0x3d, 0x6e, 0xff, 0x0b, 0x3d, 0x6e, 0xff,
  0x0b, 0x3e, 0x6f, 0xff, 0x0b, 0x3e, 0x6f, 0xff, 0x0b, 0x3d, 0x6f, 0xff,
  0x0c, 0x3e, 0x6f, 0xff, 0x0c, 0x3e, 0x6f, 0xff, 0x0c, 0x3d, 0x6f, 0xff,
  0x0b, 0x3d, 0x6e, 0xff, 0x0b, 0x3d, 0x6e, 0xff, 0x0b, 0x3c, 0x6e, 0xff,
  0x0a, 0x3b, 0x6c, 0xff, 0x03, 0x35, 0x67, 0xff, 0x02, 0x34, 0x66, 0xff,
  0x59, 0x7a, 0x9b, 0xff, 0xeb, 0xef, 0xf3, 0xff, 0xff, 0xff, 0xff, 0xff,
  0xfe, 0xfe, 0xfe, 0xff, 0xfe, 0xfe, 0xfe, 0xff, 0xfd, 0xfd, 0xfd, 0xff,
  0xfe, 0xfe, 0xfe, 0xff, 0xfe, 0xfe, 0xfe, 0xff, 0xff, 0xff, 0xff, 0xff,
  0xfe, 0xfe, 0xfe, 0xff, 0xa8, 0xb9, 0xca, 0xff, 0x3d, 0x64, 0x8a, 0xff,
  0x0c, 0x3d, 0x6d, 0xff, 0x01, 0x34, 0x66, 0xff, 0x09, 0x3a, 0x6b, 0xff,
  0x0c, 0x3e, 0x6f, 0xff, 0x0c, 0x3e, 0x6f, 0xff, 0x0b, 0x3d, 0x6f, 0xff,
  0x0c, 0x3e, 0x6f, 0xff, 0x0c, 0x3e, 0x70, 0xff, 0x0c, 0x3e, 0x70, 0xff,
  0x0b, 0x3e, 0x70, 0xff, 0x0b, 0x3e, 0x70, 0xff, 0x0b, 0x3e, 0x70, 0xff,
  0x0b, 0x3e, 0x70, 0xff, 0x0b, 0x3e, 0x70, 0xff, 0x0b, 0x3e, 0x70, 0xff,
  0x0b, 0x3d, 0x6f, 0xff, 0x0c, 0x3e, 0x6f, 0xff, 0x0b, 0x3e, 0x6f, 0xff,
  0x0b, 0x3e, 0x70, 0xff, 0x0c, 0x3e, 0x70, 0xff, 0x0b, 0x3e, 0x70, 0xff,
  0x0b, 0x3d, 0x6f, 0xff, 0x0b, 0x3d, 0x6f, 0xff, 0x0b, 0x3e, 0x70, 0xff,
  0x0a, 0x3d, 0x6f, 0xff, 0x0b, 0x3d, 0x6f, 0xff, 0x0b, 0x3d, 0x6f, 0xff,
  0x0b, 0x3d, 0x6e, 0xff, 0x0b, 0x3e, 0x6f, 0xff, 0x0b, 0x3d, 0x6f, 0xff,
  0x0b, 0x3e, 0x6f, 0xff, 0x0c, 0x3e, 0x70, 0xff, 0x0c, 0x3e, 0x70, 0xff,
  0x0b, 0x3e, 0x70, 0xff, 0x0b, 0x3e, 0x70, 0xff, 0x0b, 0x3e, 0x70, 0xff,
  0x0b, 0x3e, 0x70, 0xff, 0x0b, 0x3e, 0x70, 0xff, 0x0b, 0x3e, 0x6f, 0xff,
  0x0c, 0x3e, 0x70, 0xff, 0x0b, 0x3e, 0x70, 0xff, 0x0c, 0x3e, 0x70, 0xff,
  0x0c, 0x3e, 0x6f, 0xff, 0x0c, 0x3e, 0x6f, 0xff, 0x0c, 0x3e, 0x6f, 0xff,
  0x0c, 0x3e, 0x6f, 0xff, 0x0b, 0x3e, 0x6f, 0xff, 0x08, 0x3a, 0x6b, 0xff,
  0x02, 0x35, 0x67, 0xff, 0x0c, 0x3e, 0x6e, 0xff, 0x3e, 0x65, 0x8b, 0xff,
  0xa9, 0xba, 0xcb, 0xff, 0xfe, 0xfe, 0xfe, 0xff, 0xff, 0xff, 0xff, 0xff,
  0xfe, 0xfe, 0xfe, 0xff, 0xfe, 0xfe, 0xfe, 0xff, 0xfe, 0xfe, 0xfe, 0xff,
  0xfe, 0xfe, 0xfe, 0xff, 0xfe, 0xfe, 0xfe, 0xff, 0xfe, 0xfe, 0xfe, 0xff,
  0xfe, 0xfe, 0xfe, 0xff, 0xff, 0xff, 0xff, 0xff, 0xff, 0xff, 0xff, 0xff,
  0xfc, 0xfc, 0xfd, 0xff, 0xcd, 0xd7, 0xe0, 0xff, 0x98, 0xad, 0xc1, 0xff,
  0x31, 0x5d, 0x85, 0xff, 0x09, 0x3c, 0x6b, 0xff, 0x0c, 0x3f, 0x6f, 0xff,
  0x0c, 0x3f, 0x6f, 0xff, 0x0c, 0x3f, 0x6e, 0xff, 0x0c, 0x40, 0x6f, 0xff,
  0x0c, 0x40, 0x70, 0xff, 0x0c, 0x3f, 0x70, 0xff, 0x0c, 0x3f, 0x6f, 0xff,
  0x0c, 0x3f, 0x6f, 0xff, 0x0c, 0x3f, 0x70, 0xff, 0x0b, 0x3f, 0x6f, 0xff,
  0x0b, 0x3f, 0x6f, 0xff, 0x0c, 0x3f, 0x6f, 0xff, 0x0c, 0x3f, 0x6f, 0xff,
  0x0c, 0x3f, 0x70, 0xff, 0x0c, 0x3f, 0x70, 0xff, 0x0c, 0x3f, 0x6f, 0xff,
  0x0b, 0x3e, 0x6f, 0xff, 0x0c, 0x3f, 0x6e, 0xff, 0x0c, 0x3f, 0x6e, 0xff,
  0x0c, 0x3f, 0x6f, 0xff, 0x0b, 0x3e, 0x6f, 0xff, 0x0b, 0x3f, 0x6f, 0xff,
  0x0c, 0x3f, 0x6f, 0xff, 0x0b, 0x3f, 0x6e, 0xff, 0x0b, 0x3e, 0x6e, 0xff,
  0x0b, 0x3e, 0x6e, 0xff, 0x0b, 0x3e, 0x6f, 0xff, 0x0c, 0x3f, 0x6f, 0xff,
  0x0c, 0x3f, 0x70, 0xff, 0x0c, 0x3f, 0x70, 0xff, 0x0c, 0x3f, 0x70, 0xff,
  0x0b, 0x3e, 0x6f, 0xff, 0x0c, 0x3f, 0x6f, 0xff, 0x0c, 0x3f, 0x70, 0xff,
  0x0c, 0x3f, 0x6f, 0xff, 0x0c, 0x3f, 0x6f, 0xff, 0x0d, 0x40, 0x6f, 0xff,
  0x0c, 0x3f, 0x6f, 0xff, 0x0c, 0x3f, 0x6f, 0xff, 0x0c, 0x3f, 0x6f, 0xff,
  0x0c, 0x3f, 0x6e, 0xff, 0x0c, 0x3e, 0x6e, 0xff, 0x07, 0x3b, 0x6a, 0xff,
  0x36, 0x62, 0x8a, 0xff, 0x99, 0xaf, 0xc2, 0xff, 0xce, 0xd8, 0xe1, 0xff,
  0xfc, 0xfc, 0xfd, 0xff, 0xff, 0xff, 0xff, 0xff, 0xff, 0xff, 0xff, 0xff,
  0xfe, 0xfd, 0xfd, 0xff, 0xfe, 0xfd, 0xfd, 0xff, 0xfe, 0xfd, 0xfe, 0xff,
  0xfe, 0xfd, 0xfe, 0xff,
};
